sha,date,todo,revisit,fixme
8204fa2,2023-05-10T18:27:59+02:00,0,0,0
5f4b483,2023-05-10T18:59:45+02:00,10,60,5
bf7cf4a,2023-05-10T19:06:03+02:00,10,60,5
ee0b644,2023-05-10T19:06:47+02:00,10,60,5
e22706e,2023-05-10T19:14:40+02:00,10,60,5
345aa09,2023-05-10T19:16:08+02:00,10,60,5
2070be5,2023-05-10T19:19:30+02:00,10,60,5
4b074d8,2023-05-11T10:18:06+02:00,10,60,5
b36ce3b,2023-05-11T21:58:41+02:00,70,91,5
a6ef927,2023-05-11T22:00:45+02:00,70,91,5
7a24f4c,2023-05-12T13:04:09+02:00,60,73,5
490cd56,2023-05-12T13:15:17+02:00,60,73,5
3e9ba54,2023-05-12T14:16:16+02:00,60,73,5
efa4367,2023-05-12T14:39:21+02:00,60,73,5
aa69e92,2023-05-12T16:14:41+02:00,60,73,5
bf67a1d,2023-05-15T11:40:12+02:00,60,73,5
63a0932,2023-05-15T15:08:37+02:00,60,73,5
7473698,2023-05-15T15:19:12+02:00,60,73,5
34a2bd9,2023-05-15T15:25:15+02:00,60,73,5
6b6ad82,2023-05-15T16:28:41+02:00,60,73,5
4a34a48,2023-05-15T23:54:10+02:00,60,73,5
79edeba,2023-05-15T23:55:38+02:00,60,73,5
f47ff9b,2023-05-15T23:56:02+02:00,60,73,5
fcf981c,2023-05-16T09:33:50+02:00,60,73,5
3607e18,2023-05-16T10:15:52+02:00,60,73,5
406c087,2023-05-16T14:52:52+02:00,61,73,5
7c366e7,2023-05-16T14:59:25+02:00,61,73,5
354f901,2023-05-16T15:05:42+02:00,61,73,5
f0afffe,2023-05-16T18:13:52+02:00,61,73,5
8657916,2023-05-16T22:17:43+02:00,61,73,5
5ab5cb3,2023-05-16T22:18:01+02:00,61,73,5
71f7f07,2023-05-16T22:19:49+02:00,61,73,5
b7e0a3e,2023-05-16T22:51:17+02:00,61,73,5
9eb353c,2023-05-16T22:54:10+02:00,61,73,5
69358ef,2023-05-17T10:10:02+02:00,61,73,5
0603b63,2023-05-17T11:35:38+02:00,61,73,5
0c5420d,2023-05-19T09:16:49+02:00,82,78,5
d2db16d,2023-05-19T11:43:36+02:00,61,73,5
af8d495,2023-05-19T11:53:01+02:00,61,73,5
d688a85,2023-05-19T12:35:15+02:00,61,73,5
fb453ee,2023-05-19T12:37:29+02:00,61,73,5
b6af06f,2023-05-19T14:47:12+02:00,61,73,5
a1fe9e8,2023-05-22T11:49:32+02:00,60,72,5
697e1d5,2023-05-22T11:56:29+02:00,60,72,5
3212910,2023-05-22T12:04:00+02:00,61,73,5
1ae2bcf,2023-05-23T12:24:09+02:00,60,72,5
2013601,2023-05-23T14:01:45+02:00,60,72,5
f4d91ac,2023-05-23T14:16:07+02:00,60,72,4
25a5c5d,2023-05-23T14:44:56+02:00,60,72,4
f26e895,2023-05-23T15:40:41+02:00,60,73,4
136146d,2023-05-23T16:00:27+02:00,60,74,4
4125afe,2023-05-23T14:32:01+00:00,60,74,4
a6820c8,2023-05-23T17:02:16+02:00,60,74,4
df8d226,2023-05-25T07:43:43+00:00,60,74,4
27cf1d5,2023-05-25T15:52:25+02:00,60,74,4
d52806d,2023-05-26T10:42:54+02:00,60,74,4
dbaab9b,2023-05-26T16:09:49+02:00,60,73,4
23948e4,2023-05-30T13:04:10+02:00,60,74,4
230da0e,2023-05-30T13:04:52+02:00,60,74,4
c4cec1e,2023-05-30T13:04:57+02:00,60,73,4
30e6fe1,2023-05-30T11:30:34+00:00,60,73,4
e187f53,2023-05-30T15:05:07+02:00,60,73,4
0a824ee,2023-05-31T11:26:44+02:00,60,73,4
1a4a801,2023-05-31T11:38:41+00:00,60,73,4
b3c2661,2023-05-31T16:44:28+02:00,60,73,4
72e7c49,2023-05-31T18:27:00+00:00,60,73,4
1115666,2023-06-01T10:59:56+00:00,60,73,4
a37ea96,2023-06-01T13:10:37+02:00,60,73,4
f9283cf,2023-06-01T13:22:00+02:00,60,73,4
c3f5234,2023-06-01T13:23:00+02:00,60,73,4
a9d9739,2023-06-01T14:21:41+02:00,59,73,4
28683c4,2023-06-02T09:51:58+02:00,59,73,4
2101d73,2023-06-02T10:30:30+00:00,59,73,4
694d849,2023-06-02T17:42:38+02:00,58,72,4
bf21fc6,2023-06-05T10:11:55+02:00,58,72,4
b91ac12,2023-06-05T16:03:19+00:00,58,72,4
7aad4ed,2023-06-06T13:04:23+00:00,58,72,4
63ae16a,2023-06-06T18:05:04+02:00,59,72,4
6a12425,2023-06-07T11:40:10+02:00,59,72,4
0b5d980,2023-06-09T11:01:31+02:00,59,72,4
be3d1e6,2023-06-13T12:25:53+02:00,59,72,4
4a64eea,2023-06-14T14:05:30+02:00,59,72,4
102e956,2023-06-14T18:05:46+02:00,59,72,4
7048f12,2023-06-15T10:04:35+02:00,60,72,4
88c58f4,2023-06-15T15:38:15+02:00,60,72,4
620b086,2023-06-15T14:55:59+00:00,60,72,4
1933a6c,2023-06-16T11:26:32+02:00,59,72,4
4e52e09,2023-06-16T13:54:46+02:00,59,70,4
41bec0c,2023-06-20T09:02:21+02:00,59,70,4
163ec84,2023-06-20T13:24:33+02:00,59,70,4
618dc74,2023-06-22T15:18:25+00:00,59,70,4
e8a584e,2023-06-23T10:29:36+02:00,59,70,4
36fb4a9,2023-06-23T10:43:09+02:00,59,70,4
2d15f40,2023-06-23T13:56:15+02:00,59,71,4
59cbc45,2023-06-23T12:03:22+00:00,59,71,4
700b0ac,2023-06-23T13:15:11+00:00,59,71,4
7350689,2023-06-23T13:23:40+00:00,59,71,4
43e751e,2023-06-23T15:35:23+02:00,59,71,4
6920792,2023-06-27T07:13:55+00:00,59,71,4
9bbc422,2023-06-27T12:26:42+02:00,59,71,4
7ff218f,2023-06-30T10:20:40+00:00,59,71,4
d2f564e,2023-06-30T14:26:25+02:00,59,71,4
184996a,2023-06-30T18:35:44+02:00,59,71,4
3f023de,2023-07-03T14:18:48+00:00,59,71,4
6c4dcdf,2023-07-03T16:24:23+02:00,59,71,4
30e80ef,2023-07-03T17:04:01+02:00,59,71,4
afda170,2023-07-03T19:48:32+02:00,59,71,4
7d9a6f8,2023-07-05T09:21:12+02:00,59,71,4
d8429eb,2023-07-06T07:52:54+02:00,59,71,4
8c3c71c,2023-07-10T12:32:55+02:00,59,84,4
e70505a,2023-07-12T15:24:24+02:00,59,71,4
44234ce,2023-07-13T09:35:03+02:00,59,71,4
1ec14c6,2023-07-13T14:57:02+02:00,59,71,4
7a8dc31,2023-07-14T15:39:32+00:00,59,71,4
6b0eef4,2023-07-18T13:19:23+02:00,59,71,4
cd79481,2023-07-18T14:50:08+02:00,59,71,4
61e4d62,2023-07-19T16:09:02+02:00,59,71,4
5547e5d,2023-07-19T18:03:25+02:00,59,71,4
7bb2c37,2023-07-20T17:25:34+02:00,59,70,4
ca24aa6,2023-07-20T19:20:44+00:00,59,70,4
0b85f44,2023-07-21T08:37:31+00:00,59,70,4
b0437f8,2023-07-21T08:41:34+00:00,59,70,4
34b82bf,2023-07-21T12:37:37+02:00,59,70,4
3c92338,2023-07-24T09:02:59+02:00,59,70,4
2cb3e46,2023-07-24T10:34:41+02:00,59,70,4
ce80a45,2023-07-24T08:59:42+00:00,59,70,4
368aaf8,2023-07-24T11:13:19+02:00,59,70,4
e123799,2023-07-24T09:14:03+00:00,59,70,4
55d1346,2023-07-24T11:21:19+02:00,59,70,4
d226abd,2023-07-24T11:21:47+02:00,59,70,4
b4d3a95,2023-07-24T11:24:18+02:00,59,70,4
7b81ab2,2023-07-24T11:28:12+02:00,59,70,4
374c5c0,2023-07-24T13:59:11+02:00,59,70,4
9ca091d,2023-07-25T13:21:33+02:00,59,70,4
67a317b,2023-07-25T13:26:41+02:00,59,70,4
952ca9a,2023-07-27T12:32:15+02:00,59,70,4
b4d65d9,2023-07-27T10:42:30+00:00,59,70,4
efd5d51,2023-07-28T06:44:09+02:00,61,70,4
0e7f041,2023-07-28T10:14:26+02:00,59,72,4
a94bd32,2023-07-28T11:52:45+02:00,59,72,4
bed95a3,2023-07-28T11:54:43+02:00,59,72,4
3d4ce7c,2023-07-28T12:16:27+02:00,59,71,4
301b4f4,2023-07-28T12:21:05+02:00,59,71,4
91ebaa6,2023-07-28T12:21:18+02:00,59,71,4
7536520,2023-07-28T12:25:48+02:00,59,71,4
afa202b,2023-07-28T14:28:46+02:00,59,73,4
65d49ae,2023-07-28T14:41:50+02:00,59,74,4
55658d3,2023-07-31T23:21:30+02:00,59,73,4
e5a525e,2023-07-31T21:24:43+00:00,59,73,4
2f33099,2023-08-01T16:19:21+02:00,59,73,4
f39b83e,2023-08-01T14:23:57+00:00,59,73,4
0904b96,2023-08-01T14:51:00+00:00,60,73,4
006b1b4,2023-08-03T12:29:27+02:00,60,76,4
d0ca063,2023-08-03T10:47:39+00:00,60,80,4
db5fbbe,2023-08-03T10:59:49+00:00,60,77,4
c2124a3,2023-08-03T23:34:52+02:00,60,73,4
544a272,2023-08-04T09:31:37+02:00,60,73,4
29eff1b,2023-08-04T16:51:58+02:00,60,73,4
e12577e,2023-08-04T15:18:54+00:00,60,73,4
bfe4749,2023-08-05T06:46:11+00:00,60,78,4
d2bd96e,2023-08-07T10:01:05+00:00,60,81,4
073050b,2023-08-08T08:22:17+00:00,60,86,4
039eba4,2023-08-09T00:54:15+02:00,63,86,4
6870b21,2023-08-08T23:19:02+00:00,63,86,4
da00f5a,2023-08-09T11:26:43+02:00,60,85,4
897c12b,2023-08-10T10:06:52+02:00,60,85,4
d5bcec9,2023-08-10T10:27:58+00:00,60,86,4
19895cd,2023-08-10T12:24:04+00:00,60,86,4
51a37f5,2023-08-11T14:44:22+02:00,65,86,4
b3f37fb,2023-08-11T14:49:37+02:00,65,86,4
cfa23bf,2023-08-11T13:01:12+00:00,60,86,4
c80c8f6,2023-08-11T15:54:47+02:00,60,87,4
00f14aa,2023-08-14T08:26:23+00:00,60,86,4
0e1fbac,2023-08-14T12:37:47+02:00,60,88,4
0ef636f,2023-08-14T12:55:48+02:00,60,88,4
ac5be1d,2023-08-14T12:58:01+02:00,63,113,4
8e95061,2023-08-14T12:59:15+02:00,63,115,4
093f5fe,2023-08-14T13:01:08+02:00,63,115,4
10b5e60,2023-08-14T13:11:15+02:00,63,113,4
006fcdb,2023-08-14T16:35:03+02:00,63,113,4
05f3538,2023-08-15T11:40:29+00:00,63,112,4
ebf1011,2023-08-15T13:42:08+02:00,63,112,4
8965f8e,2023-08-15T13:19:47+00:00,63,112,4
49ff157,2023-08-15T15:48:25+02:00,63,113,4
929f256,2023-08-18T13:21:41+00:00,63,111,4
f31960e,2023-08-18T17:42:18+02:00,63,111,4
ee05395,2023-08-18T15:57:27+00:00,63,111,4
fd0957d,2023-08-18T19:13:13+00:00,63,111,4
14a0874,2023-08-21T13:00:57+02:00,63,111,4
42b6ed6,2023-08-21T15:59:04+02:00,63,112,4
e697168,2023-08-21T15:59:49+02:00,63,111,4
cff3058,2023-08-23T10:29:08+02:00,63,111,4
3d719c9,2023-08-23T08:31:50+00:00,63,111,4
35f5f22,2023-08-23T11:00:58+02:00,63,111,4
22de3da,2023-08-23T11:21:18+02:00,63,112,4
d575838,2023-08-23T10:02:47+00:00,63,110,4
eed1b15,2023-08-25T11:05:19+02:00,63,110,4
6b0f642,2023-08-25T11:09:18+00:00,63,110,4
10c7e2c,2023-08-25T14:31:43+02:00,63,110,4
3dc5b79,2023-08-28T09:30:12+02:00,63,110,4
f243416,2023-08-28T09:35:22+02:00,63,110,4
49ef3d5,2023-08-28T10:13:11+02:00,63,110,4
c8f222d,2023-08-28T10:13:54+02:00,63,110,4
b160fa4,2023-08-28T10:19:09+02:00,63,110,4
b3ab178,2023-08-28T14:48:38+02:00,63,110,4
c1e8ada,2023-08-30T12:01:48+02:00,63,110,4
8503a9e,2023-08-30T11:18:19+00:00,63,110,4
33487ba,2023-08-30T13:39:41+02:00,63,110,4
d78657f,2023-08-31T10:50:32+02:00,63,110,4
513695c,2023-08-31T10:55:08+02:00,63,110,4
87f70f0,2023-08-31T16:12:50+02:00,63,109,4
253ae0d,2023-08-31T17:48:49+02:00,63,109,4
47ecfa1,2023-09-04T12:53:09+02:00,63,109,4
ac59575,2023-09-04T16:31:05+02:00,63,109,4
3c8a2c1,2023-09-04T16:34:29+02:00,63,109,4
7db053e,2023-09-04T16:40:50+02:00,63,109,4
cc2f679,2023-09-04T16:44:21+02:00,63,109,4
7c0a4e6,2023-09-04T16:50:40+02:00,63,109,4
8b824db,2023-09-05T11:18:41+02:00,63,109,4
d8bd031,2023-09-05T11:21:52+02:00,63,109,4
8175e00,2023-09-05T11:27:14+02:00,63,109,4
e4b5fac,2023-09-05T13:02:39+02:00,63,109,4
a16637a,2023-09-05T13:26:52+02:00,63,109,4
a15d459,2023-09-05T13:55:39+02:00,63,109,4
038c11c,2023-09-05T14:36:28+02:00,63,109,4
035c06b,2023-09-05T14:37:28+02:00,63,109,4
75e09d8,2023-09-05T15:25:35+02:00,63,111,4
80df920,2023-09-06T09:00:52+02:00,63,109,4
24bb52d,2023-09-06T10:01:17+02:00,63,109,4
b15cbbc,2023-09-06T10:06:06+02:00,63,109,4
6472280,2023-09-06T10:08:47+02:00,63,111,4
648e61e,2023-09-06T10:11:43+02:00,63,111,4
39180cc,2023-09-06T10:11:58+02:00,63,109,4
4c1476e,2023-09-06T10:14:36+02:00,63,109,4
9a14d53,2023-09-06T10:24:44+02:00,63,109,4
5b8ece5,2023-09-06T14:17:07+02:00,63,109,4
c6f57c9,2023-09-06T14:18:19+02:00,63,109,4
442ebaa,2023-09-07T12:23:10+02:00,63,111,4
6180e06,2023-09-07T12:25:31+02:00,63,109,4
3781159,2023-09-08T10:15:29+02:00,63,109,4
9f1a12b,2023-09-08T11:48:45+02:00,63,109,4
e82d757,2023-09-08T11:49:42+02:00,63,109,4
6490b42,2023-09-08T11:50:54+02:00,63,109,4
e438dfc,2023-09-08T11:54:40+02:00,63,109,4
8f5f462,2023-09-08T12:03:21+02:00,63,109,4
c8b039b,2023-09-08T12:53:09+02:00,63,109,4
a921fdd,2023-09-08T10:55:54+00:00,62,109,4
a2c4b66,2023-09-08T11:05:57+00:00,62,109,4
a8ba13b,2023-09-11T12:33:46+00:00,61,109,4
1334a67,2023-09-11T16:05:52+02:00,63,109,4
7232261,2023-09-12T09:09:03+02:00,61,109,4
e53b109,2023-09-12T13:57:33+02:00,63,109,4
9cc1c22,2023-09-12T13:57:57+02:00,61,109,4
468630a,2023-09-12T14:00:34+02:00,61,109,4
1b0287f,2023-09-14T11:52:38+02:00,61,109,4
d0ff8c2,2023-09-14T12:50:25+02:00,61,109,4
a58563f,2023-09-14T13:25:03+02:00,61,109,4
5e63fc1,2023-09-14T16:31:44+02:00,62,109,4
4b672dc,2023-09-18T10:42:42+02:00,62,109,4
8227538,2023-09-18T11:41:44+02:00,62,109,4
807c51d,2023-09-18T12:03:43+02:00,62,111,4
a6c4ff1,2023-09-18T13:24:33+02:00,62,109,4
4cd74c4,2023-09-19T09:05:25+02:00,62,109,4
64b0acd,2023-09-19T15:01:54+02:00,61,109,4
11e580c,2023-09-21T10:08:05+02:00,61,111,4
d62d2ba,2023-09-21T17:13:48+02:00,61,109,4
4f2e8f1,2023-09-21T19:27:02+02:00,61,109,4
97148a8,2023-09-22T13:20:46+02:00,61,110,4
1a4e792,2023-09-22T14:18:58+02:00,61,110,4
26f85bb,2023-09-25T10:03:59+02:00,61,109,4
35f88f1,2023-09-25T12:02:59+02:00,61,109,4
a76a100,2023-09-25T10:06:37+00:00,61,109,4
3ad91d8,2023-09-25T16:18:24+02:00,61,110,4
c6312ab,2023-09-25T19:24:38+02:00,61,109,4
89a90d1,2023-09-26T15:23:56+02:00,61,110,4
bb5acd3,2023-09-26T16:40:52+02:00,61,110,4
4109674,2023-09-27T12:12:24+02:00,61,109,4
e14a45d,2023-09-27T14:01:23+02:00,61,109,4
ed01a30,2023-09-27T15:44:11+02:00,61,109,4
3817bc2,2023-09-27T16:12:03+02:00,61,109,4
0f9cbd0,2023-09-27T16:13:54+02:00,61,109,4
e37e57a,2023-09-27T16:14:29+02:00,61,109,4
f70de58,2023-09-27T17:36:32+02:00,61,109,4
6a4d075,2023-09-27T17:37:19+02:00,61,110,4
157056a,2023-09-27T17:58:16+02:00,61,109,4
78b9901,2023-09-28T13:48:32+02:00,61,109,4
8e60cd8,2023-09-28T14:20:07+00:00,61,109,4
9688152,2023-09-29T13:46:03+02:00,62,110,4
f5f5954,2023-09-29T13:59:00+02:00,62,110,4
b2fe5d9,2023-09-29T14:00:17+02:00,66,109,4
4ae0f5e,2023-09-29T14:14:23+02:00,61,111,4
d121fb2,2023-10-02T11:15:56+02:00,108,108,4
e0c3636,2023-10-05T16:06:37+02:00,61,110,4
cb30b99,2023-10-05T16:10:22+02:00,62,110,4
ea7077b,2023-10-05T14:46:50+00:00,61,110,4
dc21173,2023-10-06T09:56:09+02:00,61,111,4
fa65446,2023-10-06T12:07:03+02:00,61,111,4
0b9efc7,2023-10-06T12:34:52+02:00,61,111,4
36a4ab6,2023-10-06T13:01:02+02:00,61,112,4
27e187f,2023-10-06T13:27:09+02:00,61,111,4
7f28bc8,2023-10-06T13:30:11+02:00,62,112,4
8ed52e4,2023-10-06T13:34:06+02:00,61,111,4
435b4a8,2023-10-09T09:08:30+02:00,61,111,4
4d58ed9,2023-10-09T09:36:39+02:00,61,111,4
bd324ed,2023-10-09T13:32:09+02:00,61,111,4
59bd9ee,2023-10-09T16:50:42+02:00,61,111,4
52869aa,2023-10-10T09:10:24+02:00,61,111,4
0f4829c,2023-10-11T11:44:56+02:00,61,111,4
d4c4c16,2023-10-11T14:03:57+02:00,61,111,4
c98fbbb,2023-10-11T15:39:34+02:00,61,111,4
4bc76e0,2023-10-11T15:41:14+02:00,61,111,4
a444f78,2023-10-12T10:18:40+02:00,61,111,4
2b28804,2023-10-12T10:27:19+02:00,61,111,4
97925df,2023-10-12T10:35:03+02:00,61,111,4
8051c9f,2023-10-13T13:34:42+02:00,61,111,4
43937b5,2023-10-13T13:45:24+02:00,61,111,4
be0e6b3,2023-10-13T14:06:54+02:00,61,111,4
b93e527,2023-10-13T14:07:20+02:00,61,111,4
b0bc320,2023-10-13T14:52:48+02:00,61,111,4
e8c7838,2023-10-13T14:55:55+02:00,61,111,4
23bef24,2023-10-13T14:58:12+02:00,61,114,4
b688bad,2023-10-13T15:01:57+02:00,61,114,4
0818c44,2023-10-13T15:18:34+02:00,61,114,4
75278fe,2023-10-13T15:24:50+02:00,61,114,4
c4248ef,2023-10-13T15:34:18+02:00,61,114,4
c97d78a,2023-10-13T15:37:12+02:00,61,114,4
63660d4,2023-10-13T15:46:15+02:00,61,114,4
89d06d0,2023-10-13T20:05:37+02:00,61,114,4
f02b4d7,2023-10-13T20:07:10+02:00,61,114,4
649fc54,2023-10-13T20:12:43+02:00,61,114,4
461bc80,2023-10-13T20:15:02+02:00,61,114,4
55dcf46,2023-10-13T20:22:31+02:00,61,114,4
2de5f61,2023-10-13T20:27:08+02:00,61,114,4
0764f89,2023-10-13T20:32:16+02:00,61,114,4
4759d45,2023-10-13T20:34:53+02:00,61,114,4
0e6d49a,2023-10-13T20:39:04+02:00,61,114,4
a852912,2023-10-13T20:40:52+02:00,61,114,4
76e7008,2023-10-13T20:42:51+02:00,61,114,4
f97d295,2023-10-13T20:45:33+02:00,61,114,4
30ae83b,2023-10-13T20:47:09+02:00,61,114,4
1f06a4a,2023-10-13T20:52:04+02:00,61,114,4
efc7fe2,2023-10-13T20:54:40+02:00,61,117,4
964f0dc,2023-10-13T20:58:01+02:00,61,117,4
ea485c7,2023-10-16T11:56:02+02:00,61,117,4
861400a,2023-10-17T13:05:35+02:00,61,117,4
76bdc33,2023-10-17T18:40:02+02:00,61,117,4
3aa5414,2023-10-18T08:01:00+00:00,61,118,4
f89358e,2023-10-18T10:40:55+02:00,62,118,4
4d71ca3,2023-10-19T12:41:53+02:00,61,118,4
a7a0ed6,2023-10-19T12:50:09+02:00,61,118,4
0a1b779,2023-10-19T12:50:21+02:00,61,118,4
1453eb1,2023-10-19T14:31:15+02:00,61,117,4
159251f,2023-10-19T13:59:55+00:00,61,117,4
1c419b6,2023-10-20T13:16:36+02:00,61,118,4
8fd6153,2023-10-20T13:26:23+02:00,61,118,4
b51caa1,2023-10-20T14:58:15+02:00,61,118,4
d994e52,2023-10-23T11:55:20+02:00,62,118,4
17713cc,2023-10-24T11:23:29+02:00,61,118,4
4139f11,2023-10-24T13:19:16+02:00,61,118,4
bfea685,2023-10-24T13:19:28+02:00,61,118,4
277c929,2023-10-24T13:21:00+02:00,61,118,4
b0a9ebf,2023-10-24T13:23:10+02:00,61,118,4
c4d3931,2023-10-26T10:54:45+02:00,61,118,4
17a7ab4,2023-10-26T11:04:43+02:00,61,118,4
3b849a3,2023-10-26T11:13:18+02:00,61,118,4
02cce4e,2023-10-26T11:13:24+02:00,61,118,4
8059fd5,2023-10-26T11:14:30+02:00,61,118,4
9c9be9e,2023-10-26T11:12:51+00:00,61,118,4
6f5ffdc,2023-10-26T14:05:50+02:00,61,118,4
cee25e3,2023-10-26T16:49:15+02:00,61,118,4
683fa77,2023-10-27T10:49:59+02:00,61,116,4
e2bb07e,2023-10-27T10:52:24+02:00,61,116,4
28c0108,2023-10-27T10:58:23+02:00,61,116,4
017534a,2023-10-27T12:09:02+02:00,61,118,4
7896289,2023-10-31T11:07:10+01:00,61,118,4
2ce4793,2023-10-31T12:11:06+00:00,61,118,4
94f0776,2023-10-31T12:24:38+00:00,61,118,4
d580328,2023-10-31T13:29:11+01:00,61,118,4
ac44c78,2023-11-02T09:47:41+01:00,61,118,4
97841b2,2023-11-02T09:57:26+01:00,61,118,4
1b16949,2023-11-02T10:04:50+01:00,61,118,4
79c9b47,2023-11-02T11:38:53+01:00,61,118,4
2400870,2023-11-02T13:00:30+01:00,62,118,4
c6cd0d7,2023-11-02T15:07:43+01:00,61,118,4
09bb270,2023-11-02T15:08:48+01:00,61,118,4
ffd5c5e,2023-11-02T15:16:50+01:00,61,118,4
25b2ec4,2023-11-02T16:04:58+01:00,61,118,4
a788a77,2023-11-02T16:20:56+01:00,61,118,4
95b6ee9,2023-11-02T16:54:07+01:00,61,118,4
b0bb355,2023-11-03T09:32:16+01:00,61,118,4
0473a8c,2023-11-03T11:07:09+01:00,61,118,4
c4af2fb,2023-11-03T11:40:01+01:00,61,118,4
d7f603e,2023-11-03T11:42:33+01:00,61,118,4
8e11635,2023-11-03T11:47:52+01:00,61,118,4
aec9966,2023-11-06T09:00:45+01:00,61,117,4
7d5ac02,2023-11-06T15:22:17+01:00,61,117,4
0ad8ad8,2023-11-06T16:25:10+01:00,61,117,4
5184e41,2023-11-06T16:27:17+01:00,61,117,4
cfa06e5,2023-11-07T10:54:06+01:00,61,116,4
4dab2d2,2023-11-07T10:59:16+01:00,61,115,4
3a8a246,2023-11-07T11:38:58+01:00,61,111,4
fdeedee,2023-11-07T11:39:14+01:00,61,119,4
0dadb26,2023-11-07T13:54:20+01:00,61,117,4
a9473d9,2023-11-09T13:52:56+01:00,60,117,4
26c6650,2023-11-09T16:59:45+01:00,60,117,4
4c948fe,2023-11-10T10:02:24+01:00,60,117,4
4240c58,2023-11-10T09:25:53+00:00,60,117,4
b2700a8,2023-11-13T10:40:06+01:00,62,117,4
d2e6f26,2023-11-13T14:02:35+01:00,60,119,4
fd4538b,2023-11-13T14:57:38+01:00,62,117,4
17e138a,2023-11-13T14:59:01+01:00,62,117,4
ee25d1f,2023-11-14T11:41:28+01:00,61,117,4
3c57afb,2023-11-14T11:47:53+01:00,61,117,4
6558fe1,2023-11-14T11:49:44+01:00,61,115,4
1b84888,2023-11-14T15:29:40+01:00,59,117,4
4b97f85,2023-11-15T11:03:20+01:00,59,117,4
bbd3b76,2023-11-15T11:17:13+01:00,59,117,4
1d6620f,2023-11-15T11:39:37+01:00,61,115,4
8471bda,2023-11-15T14:20:58+01:00,59,117,4
a1497c4,2023-11-15T14:22:26+01:00,59,117,4
87208af,2023-11-15T14:35:53+01:00,59,117,4
67b8edf,2023-11-16T11:29:36+00:00,59,118,4
68e0b15,2023-11-16T16:02:57+01:00,59,118,4
18abeb6,2023-11-17T10:31:12+01:00,59,118,4
c3ab40a,2023-11-17T12:08:19+01:00,59,118,4
bdc8967,2023-11-20T10:33:35+01:00,59,118,4
81472b9,2023-11-20T10:35:47+01:00,59,116,4
fd86997,2023-11-20T12:50:35+01:00,59,118,4
d00cc4e,2023-11-20T13:41:53+01:00,59,115,4
439f845,2023-11-20T13:17:26+00:00,59,115,4
42806ea,2023-11-20T14:26:34+01:00,59,115,4
fda2254,2023-11-23T11:00:05+01:00,60,119,4
c03808c,2023-11-23T11:06:50+01:00,59,115,4
875aca4,2023-11-24T10:11:41+01:00,59,115,4
fa4a14f,2023-11-24T10:31:16+01:00,59,115,4
99dfe25,2023-11-24T12:30:35+01:00,59,115,4
c00ae0e,2023-11-27T11:22:18+01:00,59,115,4
b9e2179,2023-11-27T11:34:56+01:00,59,115,4
57fa38e,2023-11-27T12:23:37+01:00,59,115,4
5d8db7d,2023-11-27T12:25:11+01:00,59,115,4
7e5a7cb,2023-11-27T12:27:05+01:00,59,113,4
e56fbd7,2023-11-27T12:29:25+01:00,59,113,4
7aec3cb,2023-11-28T13:17:54+01:00,59,113,4
ff758ae,2023-11-28T14:04:59+00:00,60,113,4
6aedb7d,2023-11-28T16:16:21+01:00,60,113,4
b46db2e,2023-11-29T02:55:06+01:00,61,117,4
79497ca,2023-11-29T09:15:36+01:00,60,115,4
7d8521a,2023-11-29T08:18:34+00:00,61,115,4
70690a1,2023-11-29T08:45:52+00:00,61,115,4
eee3040,2023-11-29T10:27:08+01:00,60,117,4
e08460e,2023-11-29T11:39:16+01:00,61,115,4
a0c2a32,2023-11-29T11:42:09+01:00,60,115,4
215e5c9,2023-11-29T12:18:27+01:00,61,117,4
22f0aea,2023-11-30T15:48:57+00:00,61,115,4
fedcaf6,2023-12-01T11:51:15+01:00,61,115,4
cfe4897,2023-12-01T13:50:25+01:00,60,115,4
e77fd9d,2023-12-01T14:40:17+01:00,61,115,4
732c703,2023-12-05T15:06:02+01:00,60,115,4
29d01aa,2023-12-05T15:46:32+01:00,61,115,4
12eaae7,2023-12-05T16:25:57+01:00,60,115,4
3d02f9e,2023-12-05T16:31:17+01:00,60,115,4
f8ab328,2023-12-05T16:32:52+01:00,60,115,4
33b8772,2023-12-05T16:34:36+01:00,60,115,4
150e93c,2023-12-05T16:36:11+01:00,60,115,4
0f933db,2023-12-05T16:38:01+01:00,60,115,4
0fb338e,2023-12-05T16:40:25+01:00,60,115,4
380c65f,2023-12-05T16:44:09+01:00,60,115,4
d1a2bad,2023-12-05T16:46:26+01:00,60,115,4
8b4377d,2023-12-05T16:48:32+01:00,60,115,4
94dbcfd,2023-12-05T17:01:47+01:00,60,115,4
60ea2c3,2023-12-05T17:21:06+01:00,61,115,4
1c284e6,2023-12-06T09:57:56+01:00,64,115,4
b5312ac,2023-12-06T10:19:46+01:00,64,115,4
166eedb,2023-12-06T09:44:40+00:00,64,115,4
b83ac4e,2023-12-06T13:14:40+01:00,64,117,4
e3e00d0,2023-12-06T15:28:24+01:00,64,115,4
199a720,2023-12-08T09:08:20+01:00,64,115,4
e982b74,2023-12-08T14:23:22+01:00,63,115,4
851d09b,2023-12-08T14:24:02+01:00,63,115,4
e54d464,2023-12-08T14:45:41+01:00,63,115,4
fec98aa,2023-12-08T14:51:28+01:00,63,115,4
2ab8ed6,2023-12-08T15:28:13+01:00,63,115,4
0fbdacd,2023-12-08T15:39:12+01:00,63,115,4
1e5f172,2023-12-08T17:00:43+01:00,64,115,4
20e2ee4,2023-12-11T12:01:16+01:00,64,115,4
caaba3e,2023-12-11T13:03:28+01:00,64,115,4
6567e95,2023-12-12T09:05:15+01:00,64,118,5
40a895d,2023-12-12T09:12:54+01:00,63,115,4
ee3ed4a,2023-12-12T10:12:09+01:00,63,115,4
c956a7b,2023-12-14T13:50:55+01:00,64,128,5
5126881,2023-12-14T17:39:35+01:00,64,115,4
c2d773c,2023-12-15T13:47:35+01:00,64,115,4
2153fb9,2023-12-18T11:24:41+01:00,64,116,4
3eadfea,2023-12-18T11:48:31+01:00,64,116,4
3d29351,2023-12-20T10:30:42+01:00,64,116,4
ed64328,2023-12-20T10:47:09+01:00,64,116,4
9623af6,2023-12-20T11:22:25+01:00,64,117,4
450db36,2023-12-20T11:30:59+01:00,64,117,4
a69fed0,2023-12-20T14:23:08+01:00,64,117,4
23d880f,2023-12-20T16:01:54+01:00,64,117,4
e29bb28,2023-12-21T09:26:33+01:00,64,117,4
9970e14,2023-12-28T14:21:00+01:00,64,117,4
9023cde,2024-01-02T14:53:51+01:00,64,117,4
f6faf89,2024-01-03T11:11:00+01:00,66,116,4
4ba4f32,2024-01-09T08:59:57+01:00,66,116,4
c98a964,2024-01-09T08:55:32+00:00,66,116,4
1a05dcb,2024-01-09T13:45:34+01:00,66,116,4
8106a20,2024-01-09T14:50:04+01:00,66,116,4
c1df747,2024-01-09T14:57:30+01:00,66,116,4
284b1e3,2024-01-09T17:30:10+01:00,66,115,4
2f300c0,2024-01-10T13:26:23+01:00,66,115,4
e38bdc9,2024-01-10T13:45:36+01:00,66,115,4
251575b,2024-01-11T15:35:18+01:00,66,115,4
178d9fd,2024-01-11T15:37:20+01:00,66,115,4
34b8b6b,2024-01-11T15:52:00+01:00,66,115,4
8165a4a,2024-01-12T13:26:28+01:00,70,116,4
335a178,2024-01-12T15:13:57+01:00,70,116,4
2ec29a3,2024-01-15T14:31:30+01:00,70,116,4
85b4229,2024-01-16T13:47:57+01:00,72,117,4
e942dff,2024-01-16T13:55:26+01:00,72,117,4
78e8f7e,2024-01-18T12:33:19+01:00,70,116,4
b1e0677,2024-01-18T12:12:46+00:00,70,116,4
d4240d5,2024-01-18T15:05:22+01:00,70,116,4
9bbac6e,2024-01-22T09:34:51+00:00,70,116,4
44c0a59,2024-01-22T11:41:12+00:00,70,114,4
5015a2c,2024-01-22T14:13:55+01:00,69,115,4
2a8bb2d,2024-01-22T17:03:17+01:00,69,115,4
ce2a2a5,2024-01-24T10:44:34+01:00,69,115,4
dcf0599,2024-01-24T15:12:11+01:00,69,117,4
497bca7,2024-01-29T13:09:15+01:00,69,115,4
7527764,2024-01-29T17:53:50+01:00,69,115,4
c6ca92e,2024-01-30T13:28:19+01:00,69,115,4
4644483,2024-01-30T14:56:22+01:00,69,115,4
6509ee5,2024-01-31T11:47:32+01:00,70,123,4
3288e94,2024-01-31T12:01:07+01:00,70,123,4
ec55276,2024-01-31T15:01:16+01:00,70,125,4
2ebf783,2024-01-31T14:41:46+00:00,70,125,4
0ca077f,2024-01-31T15:51:56+01:00,70,125,4
9b7b5a0,2024-01-31T14:57:21+00:00,68,126,4
e7dd6de,2024-01-31T16:05:24+01:00,68,125,4
5866b28,2024-01-31T15:41:43+00:00,68,124,4
50d3ccb,2024-01-31T15:53:02+00:00,66,124,4
c875b7d,2024-02-01T13:08:29+01:00,66,124,4
8e19788,2024-02-01T20:42:22+01:00,66,124,4
8a7ec65,2024-02-02T14:36:49+01:00,66,124,4
52627ce,2024-02-02T14:37:44+01:00,66,124,4
cbb584c,2024-02-02T14:55:00+01:00,66,124,4
3e2ef24,2024-02-05T09:05:43+01:00,66,124,4
400146f,2024-02-05T09:16:38+01:00,66,124,4
8a84a69,2024-02-06T12:42:03+01:00,66,124,4
a62654f,2024-02-06T12:48:36+01:00,66,124,4
11c6097,2024-02-06T19:05:55+01:00,66,123,4
cdf1b52,2024-02-12T15:09:59+01:00,66,123,4
22e1c43,2024-02-12T14:12:21+00:00,66,123,4
b2ca1da,2024-02-12T14:23:47+00:00,66,123,4
d3aad75,2024-02-13T16:22:32+01:00,66,123,4
72faefd,2024-02-14T11:11:03+00:00,66,123,4
fb5d6f9,2024-02-14T11:13:45+00:00,66,123,4
d613721,2024-02-14T11:13:56+00:00,66,123,4
04e405f,2024-02-14T11:14:22+00:00,66,123,4
10ebefc,2024-02-14T12:42:42+01:00,66,124,4
ec5e600,2024-02-14T14:12:16+01:00,66,124,4
f3f688d,2024-02-15T14:02:48+01:00,66,123,4
87bcd51,2024-02-16T10:13:46+01:00,66,123,4
5dbaa8e,2024-02-16T09:53:22+00:00,66,123,4
49adbf3,2024-02-16T11:56:57+01:00,66,123,4
a2ecb22,2024-02-16T12:07:09+01:00,66,123,4
fbd552f,2024-02-16T12:48:22+01:00,66,123,4
eb857de,2024-02-16T14:56:07+01:00,66,123,4
d27ee79,2024-02-16T13:59:18+00:00,66,123,10
20efd48,2024-02-16T15:01:09+01:00,66,123,4
73da6d8,2024-02-16T15:03:04+01:00,66,123,4
29191df,2024-02-16T15:10:30+01:00,66,123,4
a65ccf0,2024-02-16T15:13:04+01:00,66,123,4
21a4898,2024-02-16T15:15:17+01:00,66,123,10
fc4adf7,2024-02-16T15:15:56+01:00,66,123,10
b74aa4e,2024-02-16T15:17:53+01:00,66,123,10
e1e0fae,2024-02-16T15:22:30+01:00,66,123,10
694dc67,2024-02-19T13:54:14+01:00,66,123,10
1b7ec27,2024-02-19T16:30:36+01:00,66,123,10
51be94d,2024-02-20T09:01:12+01:00,66,123,10
41cf4a2,2024-02-20T11:57:05+01:00,66,123,10
2921b0e,2024-02-20T13:34:17+01:00,65,123,10
30e1e7b,2024-02-21T10:57:31+01:00,65,123,10
1688f77,2024-02-26T16:06:57+01:00,65,123,10
7b4f30b,2024-02-26T17:26:43+01:00,65,123,10
5329ec0,2024-02-27T09:11:01+00:00,65,123,10
38722fe,2024-02-27T20:53:12+01:00,65,123,10
1057a13,2024-02-28T09:44:43+01:00,65,123,10
2580c24,2024-02-28T11:30:38+01:00,65,123,10
c21e3c4,2024-02-28T13:24:23+01:00,65,123,10
5e30de4,2024-02-28T14:38:20+01:00,65,123,10
b694615,2024-02-28T16:04:26+01:00,65,123,10
c5cf383,2024-02-29T14:36:22+01:00,65,123,10
a18d2fa,2024-02-29T13:39:28+00:00,65,123,10
cd3115b,2024-03-04T16:42:28+01:00,65,123,10
3ebc9c2,2024-03-05T10:31:24+01:00,65,123,10
a055f9f,2024-03-05T13:02:05+01:00,65,123,10
73d8480,2024-03-05T14:55:40+01:00,65,123,10
943481c,2024-03-05T14:33:08+00:00,65,123,10
c4b1d0e,2024-03-05T15:38:38+01:00,65,123,10
177b01b,2024-03-05T14:41:22+00:00,65,123,10
28ac324,2024-03-05T16:13:18+01:00,65,123,10
de84f83,2024-03-05T16:14:22+01:00,65,123,10
4546142,2024-03-05T15:37:09+00:00,65,123,10
bdb5ce9,2024-03-05T19:20:56+00:00,65,123,10
c9aa6e8,2024-03-05T19:38:45+00:00,65,123,10
19ae9cb,2024-03-05T22:35:19+01:00,65,123,10
7554c4e,2024-03-06T08:44:23+01:00,65,123,10
65966c3,2024-03-06T15:27:40+01:00,65,123,10
e2bbd87,2024-03-06T16:12:47+01:00,65,123,10
916d175,2024-03-06T17:01:19+01:00,65,123,10
820f971,2024-03-07T09:37:05+01:00,65,123,10
e6ca882,2024-03-07T10:26:53+01:00,65,123,10
0ce542e,2024-03-07T11:29:40+01:00,65,123,10
119b83a,2024-03-07T11:48:27+01:00,65,123,10
ef22ebe,2024-03-07T11:52:29+01:00,65,123,10
660e0a3,2024-03-08T10:25:01+01:00,65,123,10
ab4b68d,2024-03-08T10:25:11+01:00,65,123,10
78fe10b,2024-03-08T10:02:26+00:00,65,123,10
3ce3f4a,2024-03-08T11:04:02+01:00,65,123,10
b2a8ec7,2024-03-08T11:04:03+01:00,65,123,10
af940e7,2024-03-08T12:08:10+01:00,65,123,10
20fb0df,2024-03-08T12:52:57+01:00,65,123,10
3790ec0,2024-03-11T16:24:58+00:00,66,123,10
99a1170,2024-03-14T08:44:19+00:00,66,123,10
61d348e,2024-03-14T10:03:03+00:00,66,123,10
c6993d9,2024-03-14T13:47:51+01:00,66,123,10
a227c61,2024-03-14T14:45:59+01:00,66,123,10
f0fd774,2024-03-15T10:50:18+01:00,66,123,10
4a45fd4,2024-03-18T08:49:06+00:00,66,123,10
1d0244c,2024-03-18T09:34:37+00:00,66,123,10
c87900c,2024-03-18T10:33:55+00:00,66,123,10
1d2281f,2024-03-18T14:49:57+01:00,66,123,10
a737aaf,2024-03-18T16:14:34+01:00,66,123,10
a64e2fc,2024-03-18T23:11:52+01:00,66,129,10
6138662,2024-03-19T15:08:38+01:00,66,123,10
dfd2f0c,2024-03-20T13:28:04+01:00,66,123,10
51b8af3,2024-03-20T14:24:44+01:00,66,123,10
eb9beda,2024-03-20T15:38:34+01:00,66,123,10
e95fd17,2024-03-20T14:50:01+00:00,66,124,10
6ea574e,2024-03-20T14:58:26+00:00,66,124,10
9be75af,2024-03-21T07:21:09+00:00,66,124,10
f2ea4af,2024-03-21T08:16:43+00:00,66,124,10
72ff0ed,2024-03-21T10:51:14+01:00,66,124,10
b1f864e,2024-03-21T14:09:16+01:00,66,124,10
51fde7b,2024-03-22T10:14:23+01:00,66,124,10
cfd7d57,2024-03-22T14:37:13+01:00,66,124,10
26e1f9f,2024-03-25T15:59:40+01:00,66,124,10
cbd531a,2024-03-25T15:58:28+00:00,66,124,10
52a00a0,2024-03-26T09:43:28+00:00,66,124,10
c58d39f,2024-03-27T09:10:36+01:00,66,123,10
b442857,2024-03-27T10:46:41+01:00,66,124,10
599d4f9,2024-03-27T14:24:57+01:00,66,123,10
1ac351d,2024-03-28T09:57:20+01:00,66,124,10
3331f02,2024-03-28T09:22:23+00:00,66,123,10
a67f05c,2024-03-30T21:33:28+00:00,66,123,10
ff029cc,2024-04-02T13:51:24+02:00,66,123,10
50f7ee7,2024-04-04T08:52:03+02:00,65,123,10
8fdccf5,2024-04-04T09:04:03+02:00,66,123,10
3dfa25c,2024-04-08T15:14:30+02:00,66,123,10
306685c,2024-04-08T15:24:24+02:00,66,123,10
280045b,2024-04-08T15:25:18+02:00,66,123,10
b0a3a41,2024-04-08T16:09:02+02:00,66,123,10
4fdad5f,2024-04-09T06:30:31+00:00,66,123,10
2db8bbd,2024-04-09T06:46:02+00:00,66,123,10
9b86fb0,2024-04-09T14:12:26+02:00,66,123,10
3248512,2024-04-09T12:59:25+00:00,66,123,10
9db99a3,2024-04-09T15:05:19+02:00,66,123,10
8fc4db2,2024-04-10T09:49:32+02:00,66,123,10
37a7a0d,2024-04-10T08:15:26+00:00,66,123,10
6e63367,2024-04-10T11:22:46+02:00,66,124,10
c108f40,2024-04-10T13:37:58+02:00,66,124,10
0c427be,2024-04-10T13:44:21+02:00,66,124,10
55e5114,2024-04-10T12:00:10+00:00,66,124,10
bc90f15,2024-04-11T08:49:30+02:00,66,123,10
e3289af,2024-04-11T09:56:58+02:00,66,123,10
4049525,2024-04-11T09:58:17+02:00,66,123,10
7bb48b5,2024-04-11T10:09:15+02:00,66,124,10
a90a75f,2024-04-11T08:18:02+00:00,66,124,10
6661d63,2024-04-11T11:16:44+02:00,66,124,10
91fdc80,2024-04-11T11:46:17+02:00,66,124,10
821c1e1,2024-04-11T09:48:14+00:00,66,124,10
a273a92,2024-04-11T15:04:06+02:00,66,124,10
3debd64,2024-04-11T15:48:54+02:00,66,124,10
3896ffc,2024-04-11T16:15:13+00:00,66,124,10
3c2ccc4,2024-04-11T18:41:20+02:00,66,124,10
01b891b,2024-04-12T09:04:42+02:00,66,124,10
81a07d5,2024-04-12T09:53:48+02:00,66,123,10
4b4c9d4,2024-04-12T09:53:49+02:00,66,124,10
79194f7,2024-04-12T10:45:51+02:00,66,124,10
f3ada4f,2024-04-12T12:00:21+02:00,66,124,10
6990acc,2024-04-12T12:13:44+02:00,66,124,10
502a9e0,2024-04-12T13:14:33+02:00,66,124,10
fdad655,2024-04-12T11:37:37+00:00,66,124,10
f1c9c89,2024-04-15T08:11:55+00:00,66,124,10
7c7b52d,2024-04-15T10:31:37+02:00,66,124,10
1c7358d,2024-04-15T13:32:32+02:00,66,123,10
5f94235,2024-04-15T16:46:54+02:00,66,124,10
5b67bf5,2024-04-16T09:30:04+02:00,66,124,10
e898dc7,2024-04-16T11:56:08+02:00,66,124,10
45d3564,2024-04-16T10:03:59+00:00,66,124,10
983fc8c,2024-04-16T15:20:12+02:00,66,124,10
a71ef58,2024-04-16T15:21:17+02:00,67,124,10
28572db,2024-04-16T15:27:57+02:00,67,124,10
5e645a6,2024-04-16T15:40:37+02:00,67,124,10
1604491,2024-04-16T15:49:02+02:00,67,124,10
7a5d1dd,2024-04-16T15:55:17+02:00,67,124,10
bf567b3,2024-04-17T13:12:23+02:00,67,124,10
a8c33c0,2024-04-18T09:01:48+02:00,67,124,10
eb959e3,2024-04-18T07:36:50+00:00,67,124,10
5947100,2024-04-18T11:56:41+02:00,67,124,10
f108798,2024-04-18T15:34:44+02:00,67,124,10
8ee2908,2024-04-19T10:10:23+02:00,65,124,10
ac2da59,2024-04-19T10:11:21+02:00,66,124,10
ed2253e,2024-04-19T10:52:03+02:00,67,124,10
a654228,2024-04-19T10:55:38+02:00,66,124,10
6e31bda,2024-04-19T10:57:30+00:00,67,124,10
bf0bed4,2024-04-19T13:21:16+02:00,66,124,10
3288d63,2024-04-19T16:21:23+00:00,66,124,10
7db8df5,2024-04-19T20:54:45+02:00,66,124,10
3e02c2b,2024-04-22T10:12:38+02:00,67,124,10
b8b9ccc,2024-04-22T10:23:23+02:00,67,124,10
41c4017,2024-04-22T10:27:05+02:00,66,124,10
57ea172,2024-04-22T10:30:53+02:00,66,124,10
1fd4e81,2024-04-22T10:50:18+02:00,66,124,10
230b302,2024-04-22T10:50:34+02:00,66,124,10
54d2efb,2024-04-22T08:58:05+00:00,66,124,10
39c47c3,2024-04-22T14:02:52+02:00,66,124,10
d8bac49,2024-04-22T14:33:07+00:00,66,124,10
e0ca8d2,2024-04-23T08:20:53+00:00,66,124,10
e7ec086,2024-04-23T15:53:19+02:00,66,124,10
e1a7711,2024-04-23T14:06:04+00:00,66,124,10
59bc177,2024-04-23T23:58:34+02:00,67,125,10
f456747,2024-04-24T08:56:17+02:00,67,125,10
3a56fe1,2024-04-24T09:03:02+02:00,67,125,10
e44a447,2024-04-24T09:08:14+02:00,67,125,10
9b1281a,2024-04-24T09:09:30+02:00,67,125,10
3ebf2f4,2024-04-24T09:11:08+02:00,67,125,10
1f5d2c7,2024-04-24T09:31:00+02:00,67,125,10
f04afb2,2024-04-24T08:45:11+00:00,66,125,10
05babcf,2024-04-24T13:06:34+00:00,66,125,10
6ac5a70,2024-04-25T11:11:18+02:00,66,124,10
585577a,2024-04-25T14:34:06+00:00,66,125,10
39addbf,2024-04-26T10:27:19+02:00,65,128,10
036ccd5,2024-04-26T12:39:50+02:00,65,128,10
c271b28,2024-04-26T13:01:34+00:00,65,128,10
101cf00,2024-04-29T10:00:24+00:00,65,128,10
3c1c38a,2024-04-30T07:07:55+00:00,65,128,10
c578e9f,2024-04-30T12:31:07+00:00,65,128,10
42e9828,2024-04-30T12:36:00+00:00,65,128,10
7cd3a26,2024-05-02T08:12:47+00:00,65,128,10
d5d5dbb,2024-05-02T09:29:14+00:00,65,127,10
80383f0,2024-05-02T13:00:44+02:00,65,127,10
fed8f6f,2024-05-03T08:11:31+00:00,65,127,10
df436fe,2024-05-03T08:26:21+00:00,65,127,10
f4d09e2,2024-05-07T12:18:30+02:00,65,127,10
cbcfe3b,2024-05-07T14:00:07+02:00,65,127,10
a107db9,2024-05-07T14:54:22+02:00,65,127,10
73c5b0f,2024-05-07T15:03:28+02:00,66,127,10
4ad1f08,2024-05-07T15:39:04+02:00,67,124,10
a39fb65,2024-05-08T08:50:58+02:00,66,127,10
9d7539a,2024-05-08T09:14:46+02:00,66,127,10
bca93fd,2024-05-08T11:20:54+02:00,66,127,10
7ca847e,2024-05-08T19:00:31+02:00,66,127,10
d557dab,2024-05-10T15:02:53+02:00,65,122,10
31abd96,2024-05-12T13:32:16+02:00,66,127,10
0cc60e7,2024-05-13T08:20:10+00:00,66,127,10
29e206c,2024-05-13T08:22:50+00:00,66,127,10
4cfa77f,2024-05-13T13:40:16+02:00,66,127,10
89d7149,2024-05-13T14:00:16+00:00,66,127,10
8507acd,2024-05-14T06:22:17+00:00,66,127,10
8e1cb4b,2024-05-14T10:55:57+00:00,66,127,10
44afcbd,2024-05-14T15:59:25+02:00,66,127,10
efff57d,2024-05-14T15:59:51+02:00,66,127,10
6af5b51,2024-05-15T12:39:29+02:00,66,127,10
1a90a9b,2024-05-16T14:45:21+02:00,66,127,10
45979c8,2024-05-16T14:58:38+02:00,66,127,10
2cd2349,2024-05-16T18:07:32+02:00,66,127,10
bca0c01,2024-05-16T17:21:12+00:00,66,127,10
e3ad1df,2024-05-17T12:28:04+02:00,66,127,10
defb5f6,2024-05-21T09:02:21+02:00,66,127,10
b050e6e,2024-05-21T07:05:17+00:00,66,127,10
0d24c78,2024-05-22T08:58:05+02:00,66,127,10
ddcf0ed,2024-05-22T14:57:14+02:00,66,127,10
4d44062,2024-05-23T18:10:22+02:00,66,127,10
28b422e,2024-05-23T22:45:42+02:00,66,127,10
4ff41fc,2024-05-23T22:48:33+02:00,66,127,10
7fa3818,2024-05-23T22:49:59+02:00,66,127,10
9cfffe1,2024-05-24T10:20:24+02:00,66,127,10
c49f4fa,2024-05-24T10:34:05+02:00,66,127,10
2855444,2024-05-24T10:36:07+02:00,66,127,10
6b13f5c,2024-05-24T10:39:48+02:00,66,127,10
2caf1f7,2024-05-28T10:39:24+02:00,66,127,10
b66588f,2024-05-28T10:44:28+02:00,66,127,10
c4e2562,2024-05-28T10:45:39+02:00,67,128,10
6546a7d,2024-05-28T10:48:15+02:00,67,128,10
815aa73,2024-05-28T12:13:55+02:00,66,127,10
96bf3c1,2024-05-28T12:23:49+02:00,66,127,10
24e8b19,2024-05-28T16:31:37+02:00,66,127,10
8ed8c5f,2024-05-28T15:13:10+00:00,66,127,10
ba77f9e,2024-05-29T06:23:19+00:00,66,127,10
992232a,2024-05-29T09:49:01+02:00,66,127,10
9e0fc60,2024-05-29T10:45:52+02:00,66,127,10
dd7395c,2024-05-29T11:39:39+02:00,66,127,10
5b07296,2024-05-29T12:20:52+02:00,66,127,10
9eab087,2024-05-29T13:04:12+02:00,66,127,10
3335202,2024-05-29T12:17:30+00:00,66,130,10
8c9a41d,2024-05-29T12:29:14+00:00,66,130,10
21da639,2024-05-29T15:41:14+02:00,66,130,10
7bc9972,2024-05-29T17:23:45+02:00,66,130,10
510d005,2024-05-29T18:00:24+02:00,66,130,10
7167ec5,2024-05-31T09:56:37+00:00,66,130,10
c0b35df,2024-05-31T10:52:00+00:00,66,130,10
16edded,2024-06-03T10:14:48+02:00,66,130,10
2bf14cf,2024-06-03T11:21:05+02:00,66,130,10
6d7217c,2024-06-03T11:50:20+02:00,66,130,10
f90c096,2024-06-03T12:02:46+02:00,66,130,10
a274ec2,2024-06-03T14:48:50+02:00,66,130,10
c6fbded,2024-06-03T15:26:06+02:00,66,130,10
e5282c9,2024-06-03T15:44:45+02:00,66,130,10
055a8d0,2024-06-03T15:48:21+02:00,66,130,10
5e3f6a2,2024-06-05T10:55:11+02:00,66,130,10
120464c,2024-06-06T14:22:21+02:00,66,130,10
fea3729,2024-06-06T14:25:19+02:00,66,130,10
8141bb3,2024-06-06T15:29:05+02:00,66,130,10
2c284d4,2024-06-06T15:32:24+02:00,66,130,10
6948889,2024-06-06T15:38:53+02:00,66,130,10
5040062,2024-06-07T09:18:33+02:00,66,130,10
011a736,2024-06-07T10:36:09+02:00,66,130,10
92cf307,2024-06-07T10:52:57+02:00,66,130,10
7b46778,2024-06-07T16:07:25+02:00,66,130,10
76314f9,2024-06-10T14:38:39+02:00,66,130,10
91bb01c,2024-06-10T15:24:11+02:00,66,130,10
eb4ef37,2024-06-12T10:00:11+02:00,66,130,10
ec00e9e,2024-06-12T10:01:30+02:00,67,130,10
8ccb74c,2024-06-12T12:20:24+02:00,66,130,10
938968c,2024-06-12T14:22:31+02:00,66,130,10
ae8abff,2024-06-13T14:00:15+02:00,66,130,10
d9c5ab1,2024-06-13T15:55:02+02:00,66,130,10
8a3391c,2024-06-14T08:59:09+02:00,67,130,10
275688d,2024-06-14T07:09:12+00:00,66,130,10
1809c6f,2024-06-14T09:52:06+02:00,66,130,10
2ba2920,2024-06-14T10:32:29+02:00,66,130,10
d5dc701,2024-06-14T10:51:10+02:00,66,130,10
8cc118e,2024-06-14T15:20:38+02:00,66,130,10
2f7f2be,2024-06-14T16:06:30+02:00,66,130,10
6486ad7,2024-06-14T14:22:55+00:00,66,130,10
68c2595,2024-06-14T15:30:23+00:00,66,130,10
85ecf08,2024-06-17T11:12:20+02:00,66,130,10
e17ddfd,2024-06-17T14:22:28+02:00,66,130,10
f9250a8,2024-06-17T12:25:02+00:00,66,130,10
0ed39ed,2024-06-17T16:00:14+02:00,66,130,10
179bd92,2024-06-17T14:03:07+00:00,66,130,10
27d700e,2024-06-18T11:25:01+02:00,66,130,10
0717396,2024-06-18T13:25:59+02:00,66,130,10
a7b781d,2024-06-18T13:38:32+02:00,66,130,10
39b0b85,2024-06-19T08:26:05+00:00,66,130,10
eaf8e3b,2024-06-19T11:27:55+02:00,66,130,10
06765a3,2024-06-19T13:39:46+02:00,66,130,10
e17febd,2024-06-19T15:43:15+02:00,66,129,10
8be3c7d,2024-06-19T16:07:19+02:00,66,129,10
47b300e,2024-06-19T20:12:44+02:00,66,129,10
d98f46e,2024-06-20T07:40:36+00:00,66,129,10
97e6cbf,2024-06-20T11:09:56+02:00,66,132,10
fe7a146,2024-06-20T11:10:00+02:00,66,131,10
e619341,2024-06-20T11:14:03+02:00,66,129,10
5b7021d,2024-06-20T15:53:28+02:00,66,130,10
7dab73a,2024-06-20T15:54:05+02:00,66,129,10
21de6dc,2024-06-21T10:32:46+00:00,66,129,10
5ed03e5,2024-06-25T16:38:07+02:00,66,129,10
c3c4563,2024-06-25T14:48:23+00:00,66,129,10
67f7b06,2024-06-27T09:14:05+02:00,66,129,10
58f04a9,2024-06-27T16:56:30+02:00,66,127,10
581147a,2024-06-27T20:25:14+00:00,66,127,10
82c4dbe,2024-06-28T09:35:55+00:00,66,127,10
3873f9a,2024-06-28T11:49:26+00:00,66,127,10
738b834,2024-07-01T07:00:43+00:00,66,127,10
be06116,2024-07-01T13:25:50+00:00,66,127,10
ad203dd,2024-07-01T13:35:45+00:00,66,127,10
90c9e6a,2024-07-02T08:58:35+02:00,66,127,10
3f350d1,2024-07-02T09:25:32+02:00,66,127,10
ccff259,2024-07-02T10:13:04+02:00,66,127,10
a0a4f00,2024-07-03T06:52:21+00:00,66,127,10
726610c,2024-07-04T08:21:55+02:00,66,127,10
40da252,2024-07-04T08:00:27+00:00,66,127,10
e401aa6,2024-07-04T12:32:31+00:00,66,127,10
d8ac936,2024-07-05T11:03:23+02:00,66,127,10
edad08e,2024-07-05T09:14:00+00:00,66,127,10
0b9108c,2024-07-05T11:30:20+02:00,66,129,10
e9e9461,2024-07-08T13:34:38+02:00,67,129,10
77b7978,2024-07-08T16:33:40+02:00,67,129,10
0b5c91f,2024-07-08T14:49:22+00:00,67,129,10
91c9855,2024-07-08T15:00:06+00:00,67,129,10
13ece9e,2024-07-08T20:10:28+02:00,67,129,10
7eef5e9,2024-07-09T10:02:52+02:00,67,129,10
9f8906e,2024-07-09T11:01:26+02:00,67,129,10
82d1aac,2024-07-11T12:30:32+02:00,67,129,10
4928132,2024-07-11T17:15:24+02:00,67,129,10
64a9018,2024-07-11T18:10:52+02:00,67,129,10
54540e2,2024-07-12T09:24:56+02:00,67,129,10
44b11a2,2024-07-12T07:27:51+00:00,67,129,10
b636b2e,2024-07-12T09:28:03+02:00,67,129,10
914c2aa,2024-07-12T10:47:51+02:00,67,129,10
6318cc4,2024-07-12T10:49:02+02:00,67,129,10
53a8075,2024-07-12T11:07:42+02:00,67,129,10
b65de2b,2024-07-15T09:07:23+00:00,67,129,10
8b19be3,2024-07-15T09:26:23+00:00,67,129,10
8136a45,2024-07-15T12:56:11+02:00,67,129,10
ac68801,2024-07-15T14:39:04+02:00,67,129,10
3ceab81,2024-07-15T15:43:21+02:00,67,138,11
e77bbb9,2024-07-15T15:46:06+02:00,67,129,10
6221af3,2024-07-15T15:47:47+02:00,67,129,10
fc1dd16,2024-07-15T15:49:36+02:00,67,129,10
f3479a9,2024-07-15T15:51:19+02:00,67,129,10
45eab9e,2024-07-15T14:03:08+00:00,67,129,10
10d77b2,2024-07-16T08:56:23+02:00,67,129,10
19f1628,2024-07-16T08:59:22+00:00,67,129,10
4249c0c,2024-07-16T12:42:02+02:00,67,129,10
e85c526,2024-07-16T15:12:07+02:00,67,130,10
2f1bd76,2024-07-16T15:27:29+02:00,67,130,10
839ac99,2024-07-16T15:27:41+02:00,67,130,10
d677a9c,2024-07-17T09:20:05+02:00,67,129,10
6ed7ce4,2024-07-17T09:29:38+00:00,67,129,10
d3f9b23,2024-07-18T07:47:00+00:00,67,129,10
b86d6e8,2024-07-18T10:28:17+02:00,67,130,10
3d93997,2024-07-18T10:29:27+02:00,67,130,10
427faa4,2024-07-18T10:33:36+02:00,67,130,10
be4aee9,2024-07-18T10:35:54+02:00,67,130,10
f3a9bfb,2024-07-18T11:04:07+02:00,67,129,10
d41d32e,2024-07-18T14:59:50+02:00,67,130,10
1ef6427,2024-07-18T15:03:11+02:00,67,130,10
786179f,2024-07-18T15:06:10+02:00,67,130,10
a8660cf,2024-07-18T16:11:46+02:00,67,129,10
b50c907,2024-07-19T01:32:32+00:00,67,129,10
c50e5a0,2024-07-19T10:24:32+02:00,67,129,10
0642726,2024-07-19T11:05:33+02:00,66,129,10
55fc62a,2024-07-19T11:07:26+02:00,66,129,10
7687e86,2024-07-19T12:52:15+02:00,66,129,10
f116fca,2024-07-19T12:56:38+02:00,66,129,10
a0c885a,2024-07-19T12:59:39+02:00,66,129,10
9c62674,2024-07-19T14:06:04+02:00,67,129,10
88d2cf4,2024-07-19T15:56:14+02:00,67,129,10
3f3fd61,2024-07-22T10:01:54+02:00,67,129,10
5d4f0b9,2024-07-22T11:16:33+02:00,67,129,10
ce32db7,2024-07-23T12:19:49+02:00,67,129,10
427d9a2,2024-07-23T13:14:26+02:00,67,129,10
547741c,2024-07-23T13:14:53+02:00,66,129,10
94d8e97,2024-07-24T09:06:25+02:00,67,129,10
4e98bba,2024-07-24T11:11:14+02:00,66,129,10
82d066f,2024-07-24T11:11:23+02:00,66,129,10
10dbc2a,2024-07-24T16:00:36+02:00,67,129,10
3b2718f,2024-07-24T14:01:55+00:00,67,129,10
67a2c22,2024-07-25T07:58:47+00:00,67,129,10
5c21a67,2024-07-25T11:29:00+02:00,67,129,10
0b8ecb6,2024-07-25T15:12:09+02:00,67,129,10
b99bcf4,2024-07-25T15:21:56+02:00,67,129,10
d5adaf0,2024-07-25T15:25:25+02:00,67,129,10
caf1669,2024-07-25T15:27:01+02:00,67,129,10
d2cebbd,2024-07-25T15:58:05+02:00,67,129,10
1226ccd,2024-07-25T14:05:51+00:00,67,129,10
4ac37de,2024-07-26T09:57:47+00:00,67,129,10
c023b09,2024-08-01T09:38:20+02:00,67,129,10
7fc5788,2024-08-01T09:40:44+02:00,67,129,10
97b9d47,2024-08-01T09:42:13+02:00,67,129,10
da0fc05,2024-08-02T13:38:05+02:00,67,129,10
f5104fb,2024-08-05T10:43:16+02:00,67,129,10
ac58f9a,2024-08-05T10:59:05+00:00,67,129,10
922b102,2024-08-07T23:13:28+02:00,67,129,10
999780f,2024-08-07T23:39:24+02:00,67,129,10
6c1558c,2024-08-07T23:54:46+02:00,67,129,10
ef5626d,2024-08-08T14:59:12+02:00,67,129,10
843f31d,2024-08-09T19:43:18+02:00,67,129,10
02cc90e,2024-08-09T20:14:34+02:00,67,129,10
c5c3b20,2024-08-09T20:28:11+02:00,67,129,10
abc8703,2024-08-09T20:32:13+02:00,67,129,10
6d47b96,2024-08-09T20:46:43+02:00,67,129,10
8658c45,2024-08-09T21:23:23+02:00,67,129,10
15b3db9,2024-08-09T21:23:35+02:00,67,129,10
ce94bce,2024-08-09T21:24:52+02:00,67,129,10
725be75,2024-08-09T21:25:10+02:00,67,128,10
d60149d,2024-08-09T21:46:28+02:00,67,128,10
ccb2df8,2024-08-10T03:40:06+02:00,67,128,10
a632e6a,2024-08-10T15:43:31+02:00,67,128,10
abacfb3,2024-08-10T21:31:58+02:00,67,128,10
279aa54,2024-08-10T21:35:16+02:00,67,128,10
cdf4d37,2024-08-12T09:28:38+02:00,67,129,10
2d9ada2,2024-08-12T10:58:56+02:00,67,128,10
b7c174d,2024-08-12T10:59:06+02:00,67,128,10
0dc935a,2024-08-12T12:44:28+02:00,67,128,10
9f5cfeb,2024-08-12T13:02:23+02:00,67,128,10
7258a50,2024-08-12T13:03:32+02:00,67,128,10
201b575,2024-08-13T10:54:35+02:00,67,128,10
84cde4a,2024-08-19T14:53:12+02:00,67,129,10
074734b,2024-08-20T10:04:19+02:00,67,129,10
d885e9d,2024-08-21T11:10:17+02:00,67,129,10
e62df19,2024-08-22T11:17:34+02:00,66,129,10
f4aee25,2024-08-28T16:18:07+02:00,67,129,10
8cad650,2024-08-28T14:28:01+00:00,67,129,10
ce5f856,2024-08-29T14:50:23+02:00,67,129,10
c38a9e6,2024-08-29T12:58:24+00:00,67,129,10
1e8bf06,2024-08-30T16:12:31+02:00,67,129,10
cdcc59d,2024-08-30T16:25:12+02:00,67,129,10
6e8ff0f,2024-09-02T09:51:00+02:00,67,129,10
7b4f8ae,2024-09-02T08:03:22+00:00,67,129,10
f70abcb,2024-09-02T08:58:45+00:00,67,129,10
4c6ddb2,2024-09-02T12:07:52+02:00,67,129,10
5423cf3,2024-09-02T11:22:44+00:00,67,129,10
841f3dd,2024-09-02T13:32:37+02:00,67,128,10
147b88e,2024-09-02T13:34:21+02:00,67,129,10
04bd17b,2024-09-02T13:41:44+02:00,66,129,10
7cfa937,2024-09-02T13:42:05+02:00,66,129,10
abac818,2024-09-02T15:59:11+02:00,67,129,10
9b34314,2024-09-02T14:07:32+00:00,67,129,10
e9f2e83,2024-09-02T17:58:21+02:00,67,129,10
3bbde18,2024-09-03T12:11:19+02:00,67,129,10
01de95f,2024-09-03T11:42:11+00:00,67,129,10
e818da8,2024-09-03T13:26:25+00:00,67,129,10
5291a79,2024-09-04T09:00:45+02:00,67,129,10
982b8b7,2024-09-04T07:49:19+00:00,67,129,10
3f86cab,2024-09-10T08:25:32+00:00,67,129,10
954edfd,2024-09-10T08:59:06+00:00,67,129,10
8d800e2,2024-09-10T11:56:06+00:00,67,129,10
2398eb0,2024-09-10T14:59:47+02:00,69,130,10
34d3281,2024-09-11T21:20:34+02:00,67,129,10
99a12f3,2024-09-12T07:15:49+00:00,67,129,10
d25af70,2024-09-12T07:24:38+00:00,67,129,10
3f63716,2024-09-16T14:08:54+02:00,67,128,10
c93bc45,2024-09-16T14:53:41+02:00,67,128,10
4fb53a8,2024-09-16T14:53:54+02:00,67,128,10
00a928d,2024-09-17T09:09:51+02:00,71,133,10
2ce05b2,2024-09-17T12:01:20+02:00,66,128,10
a4447bc,2024-09-17T14:23:27+02:00,66,128,10
5a36a5e,2024-09-17T14:25:04+02:00,66,128,10
16adc59,2024-09-17T14:27:32+02:00,66,128,10
54c943d,2024-09-17T15:06:40+02:00,66,126,10
b1db50f,2024-09-17T15:16:32+02:00,66,126,10
48470aa,2024-09-18T13:58:03+02:00,67,129,10
a6a35b7,2024-09-18T12:10:25+00:00,67,129,10
3535a4e,2024-09-20T11:15:16+02:00,67,128,10
b331ab4,2024-09-23T00:36:18+02:00,67,127,10
c35e8fa,2024-09-23T15:21:19+02:00,70,127,10
e718446,2024-09-23T15:24:23+02:00,70,127,10
abe1dcc,2024-09-23T13:29:59+00:00,67,128,10
8e54668,2024-09-23T15:49:35+02:00,70,127,10
a2ae7d3,2024-09-23T15:52:30+02:00,70,127,10
5b60c35,2024-09-23T16:07:43+02:00,70,127,10
cd271a8,2024-09-25T16:19:55+00:00,67,127,10
2fa0dad,2024-09-27T15:02:12+02:00,65,125,10
d49bb8b,2024-09-27T15:06:47+02:00,65,125,10
7852faa,2024-09-27T15:09:21+02:00,65,125,10
5613d52,2024-09-27T15:15:17+02:00,65,125,10
ef9f1ef,2024-09-27T15:15:25+02:00,65,123,10
d8b444b,2024-09-27T15:36:53+02:00,65,123,10
b84797a,2024-09-30T07:10:42+00:00,67,127,10
3db0f72,2024-09-30T13:41:50+02:00,65,123,10
6e9b811,2024-09-30T13:41:55+02:00,65,123,10
259f925,2024-09-30T14:27:10+02:00,67,127,10
c11394d,2024-09-30T16:48:52+02:00,67,127,10
efcb8df,2024-10-01T09:06:26+02:00,65,123,10
7faa0b2,2024-10-01T09:27:56+02:00,65,123,10
1352b55,2024-10-01T09:28:10+02:00,65,123,10
3a0de01,2024-10-01T11:28:01+02:00,65,123,10
0f189bf,2024-10-01T11:28:39+02:00,65,123,10
638c3cf,2024-10-01T11:31:49+02:00,65,123,10
793166a,2024-10-01T11:39:06+02:00,65,123,10
1d3d983,2024-10-01T12:31:14+02:00,65,123,10
a721c3a,2024-10-01T14:16:55+02:00,65,123,10
43c7a6c,2024-10-01T12:27:09+00:00,67,127,10
9fa0bc7,2024-10-01T14:32:42+02:00,65,123,10
3cde69c,2024-10-01T12:44:09+00:00,67,127,10
802b0d4,2024-10-01T14:45:00+02:00,65,123,10
39e97c5,2024-10-01T13:03:43+00:00,67,127,10
47e02d7,2024-10-01T15:30:20+02:00,67,127,10
43885a5,2024-10-01T15:47:16+02:00,67,128,10
3d364be,2024-10-01T16:20:31+02:00,67,127,10
2a5bd9e,2024-10-01T16:21:08+02:00,67,127,10
7cd8be0,2024-10-01T16:29:10+02:00,67,128,10
5a2c1f0,2024-10-01T14:44:46+00:00,67,128,10
2e7fb8c,2024-10-08T16:36:25+02:00,67,128,10
6a03e8a,2024-10-09T06:23:54+00:00,67,128,10
5e62096,2024-10-09T16:00:37+02:00,65,124,10
cbe0df7,2024-10-09T14:55:37+00:00,65,124,10
a4df153,2024-10-10T05:43:01+02:00,65,124,10
237294d,2024-10-10T06:23:15+02:00,65,124,10
eb22321,2024-10-10T06:27:17+02:00,67,128,10
a7d4ec4,2024-10-10T06:29:35+02:00,65,124,10
77719ce,2024-10-10T06:32:02+02:00,65,124,10
b6f7187,2024-10-10T15:08:40+02:00,65,124,10
3f4c546,2024-10-10T21:28:49+02:00,65,124,10
0e5ca0e,2024-10-11T16:00:07+02:00,65,124,10
c6e5e0b,2024-10-11T14:16:34+00:00,65,124,10
a448fe3,2024-10-14T10:30:01+02:00,67,127,10
b37082a,2024-10-14T12:43:37+02:00,65,124,10
3a928f7,2024-10-15T08:57:13+02:00,65,124,10
6306d5c,2024-10-15T09:18:16+02:00,65,124,10
20bba0e,2024-10-15T09:39:42+02:00,65,124,10
10e0534,2024-10-15T12:19:38+02:00,65,124,10
0041ec0,2024-10-15T12:36:46+02:00,65,124,10
05f7d75,2024-10-15T12:47:32+00:00,65,124,10
3e60de2,2024-10-15T13:13:18+00:00,65,124,10
9530ee4,2024-10-15T17:51:32+02:00,65,124,10
ec75b50,2024-10-16T09:59:16+02:00,65,123,10
eb8d371,2024-10-18T09:42:11+02:00,65,123,10
fa52d8d,2024-10-18T07:51:12+00:00,65,123,10
027d717,2024-10-21T10:41:45+02:00,65,123,10
8deddde,2024-10-21T09:12:55+00:00,65,123,10
295c0d8,2024-10-22T09:09:21+02:00,65,123,10
338e9f5,2024-10-22T13:12:08+02:00,66,124,10
e873103,2024-10-23T11:15:40+02:00,66,124,10
ec63093,2024-10-23T11:22:44+02:00,66,124,10
f3fd254,2024-10-23T13:55:42+02:00,66,124,10
641c3b9,2024-10-24T08:58:31+02:00,66,124,10
d8e4201,2024-10-24T10:22:19+02:00,66,124,10
1b67754,2024-10-24T10:37:02+02:00,66,124,10
6266f54,2024-10-24T11:56:37+02:00,66,124,10
8cda2e5,2024-10-24T13:03:16+02:00,66,123,10
bd1da5d,2024-10-24T15:11:57+02:00,66,124,10
45bcb36,2024-10-24T15:32:46+02:00,66,122,10
da629d9,2024-10-24T15:42:49+02:00,66,124,10
b9c7188,2024-10-24T15:53:54+02:00,66,122,10
33c3ebe,2024-10-25T10:59:20+02:00,66,124,10
bfba7f1,2024-10-25T11:36:34+02:00,66,124,10
d85d7e6,2024-10-25T12:03:51+02:00,66,124,10
f4d7caf,2024-10-25T13:41:07+02:00,66,124,10
a4d4faa,2024-10-28T08:55:21+01:00,66,122,10
6cbfd98,2024-10-28T15:29:22+01:00,66,122,10
f351c8d,2024-10-28T15:50:27+01:00,66,122,10
82154ef,2024-10-28T17:08:38+01:00,66,124,10
98151a1,2024-10-28T17:34:05+01:00,66,124,10
835d60e,2024-10-29T10:27:49+01:00,66,124,10
3aef3fe,2024-10-29T11:40:24+01:00,66,122,10
6007022,2024-10-29T15:30:27+01:00,65,122,10
86dc890,2024-10-29T20:47:11+01:00,65,122,10
acec9cd,2024-10-29T21:02:46+01:00,65,122,10
6b91600,2024-10-30T13:30:59+01:00,65,122,10
dc88bc6,2024-10-30T14:58:04+01:00,66,124,10
e20eef8,2024-10-30T16:15:02+01:00,66,124,10
ae2096f,2024-10-30T15:23:51+00:00,66,124,10
8163ffa,2024-10-31T09:09:14+01:00,65,122,10
da9c7ca,2024-11-04T16:57:42+01:00,66,124,10
7c25bbf,2024-11-05T14:21:54+01:00,66,124,10
075baa9,2024-11-05T15:17:50+01:00,65,123,10
a422759,2024-11-06T13:03:39+01:00,66,124,10
4f71a53,2024-11-06T13:08:11+01:00,66,124,10
4a8851e,2024-11-06T13:10:26+01:00,66,124,10
094a807,2024-11-06T13:16:08+01:00,66,124,10
9127c95,2024-11-06T13:18:39+01:00,66,124,10
a466441,2024-11-06T13:20:05+01:00,66,124,10
9c5c687,2024-11-06T13:24:08+01:00,66,124,10
0e7fa0a,2024-11-06T14:11:13+01:00,66,124,10
8bb8206,2024-11-06T14:22:56+00:00,66,124,10
8a4adc8,2024-11-08T13:48:32+01:00,66,124,10
cc7e922,2024-11-11T11:08:46+01:00,66,124,10
250edd5,2024-11-11T10:46:22+00:00,66,124,10
e2f724b,2024-11-11T12:07:27+01:00,66,124,10
1e328c2,2024-11-11T16:47:45+01:00,69,123,10
d8139fa,2024-11-13T10:52:09+01:00,66,124,10
6684436,2024-11-13T14:46:32+00:00,66,124,10
7e50359,2024-11-13T16:08:07+00:00,67,124,10
0401051,2024-11-14T11:29:36+01:00,67,124,10
d7920ec,2024-11-14T13:02:33+01:00,67,124,10
f4935fe,2024-11-14T15:42:32+01:00,67,124,10
c61a04a,2024-11-18T13:37:59+01:00,67,124,10
e341af4,2024-11-18T15:45:22+00:00,67,124,10
014c50c,2024-11-18T18:39:36+01:00,67,124,10
2948b27,2024-11-19T08:13:32+00:00,67,124,10
732a2f3,2024-11-20T10:17:24+01:00,67,124,10
5a95612,2024-11-21T02:08:26+01:00,70,123,10
4829482,2024-11-21T11:16:49+01:00,66,124,10
46dd16a,2024-11-21T11:17:12+01:00,67,124,10
90bb63b,2024-11-21T11:53:52+01:00,67,124,10
bb41808,2024-11-21T11:58:18+01:00,67,124,10
875e376,2024-11-21T11:59:32+01:00,67,124,10
b237eeb,2024-11-21T12:00:11+01:00,67,124,10
0f5f291,2024-11-21T14:32:52+01:00,67,124,10
35c35f1,2024-11-21T14:57:04+01:00,67,124,10
45bcdcf,2024-11-22T10:37:35+01:00,67,124,10
dd9373c,2024-11-22T10:44:31+01:00,67,124,10
d22df56,2024-11-22T11:02:07+01:00,67,124,10
c514b27,2024-11-22T11:02:21+01:00,67,124,10
13e6f36,2024-11-22T11:14:40+01:00,67,124,10
8d21391,2024-11-22T11:22:24+01:00,67,124,10
3c525b9,2024-11-22T11:24:38+01:00,67,124,10
c521095,2024-11-22T12:43:11+01:00,67,124,10
f6593e6,2024-11-22T13:22:36+01:00,67,124,10
aaf39ad,2024-11-22T12:31:13+00:00,67,124,10
11f3e8b,2024-11-22T13:15:09+00:00,67,124,9
50ebd10,2024-11-25T12:20:40+01:00,67,124,9
545e489,2024-11-25T12:30:17+01:00,67,124,9
930cbb4,2024-11-25T14:18:49+01:00,67,124,9
0f2bf84,2024-11-26T08:35:11+00:00,67,124,9
a83cd28,2024-11-26T11:48:36+01:00,67,124,9
7d48c13,2024-11-27T15:40:26+01:00,67,124,9
089e0c2,2024-11-28T13:09:36+01:00,67,124,9
820d35c,2024-11-28T14:03:12+01:00,68,124,9
0562858,2024-11-28T14:31:03+01:00,67,120,9
f1323c0,2024-11-28T15:14:19+01:00,68,120,9
f098bd9,2024-11-29T12:42:13+01:00,68,120,9
9a3c395,2024-11-29T12:48:46+01:00,68,120,9
3193008,2024-11-29T22:38:50+01:00,70,119,9
2c7347f,2024-11-30T02:23:57+01:00,70,119,9
51e8aa7,2024-12-02T16:13:36+01:00,67,120,9
3cbedec,2024-12-03T02:46:59+01:00,70,119,9
036fccb,2024-12-03T10:21:29+01:00,67,120,9
e6b5cd6,2024-12-04T10:09:08+00:00,67,120,9
98be77f,2024-12-04T11:31:24+01:00,67,120,9
eba1d2a,2024-12-04T21:07:23+01:00,70,119,9
7d3ed03,2024-12-04T22:10:22+01:00,70,119,9
480075f,2024-12-05T02:25:23+01:00,70,119,9
09a40ff,2024-12-05T12:15:28+00:00,67,120,9
2c72c87,2024-12-05T13:38:48+00:00,67,120,9
45fe3e5,2024-12-05T14:45:11+01:00,68,120,9
bbe7be0,2024-12-05T13:53:36+00:00,68,120,9
b9becbd,2024-12-06T10:27:14+01:00,69,120,9
30c3069,2024-12-06T14:03:26+01:00,72,121,9
38d911d,2024-12-06T14:08:01+01:00,71,121,9
0a15e75,2024-12-06T20:44:41+01:00,69,120,9
c95a18b,2024-12-07T13:46:20+01:00,68,120,9
27addac,2024-12-09T09:00:41+01:00,68,120,9
c5652ef,2024-12-09T10:02:28+01:00,75,120,9
d1129ba,2024-12-09T14:24:10+01:00,70,119,9
dd2da3a,2024-12-09T15:14:21+00:00,68,120,9
96911ad,2024-12-09T17:19:31+01:00,69,120,9
33a0685,2024-12-09T20:15:32+01:00,69,120,9
9837b59,2024-12-10T10:58:29+01:00,69,120,9
7788909,2024-12-10T14:31:05+01:00,69,120,9
ce24264,2024-12-10T14:57:41+00:00,69,120,9
6b316a5,2024-12-11T13:13:37+01:00,69,121,9
a0c1fc1,2024-12-11T23:16:31+01:00,69,120,9
9e62b22,2024-12-12T10:29:54+01:00,69,120,9
504e851,2024-12-12T11:54:08+01:00,69,120,9
b519696,2024-12-12T11:02:58+00:00,69,120,9
293b391,2024-12-12T14:14:41+01:00,69,120,9
e67a31b,2024-12-12T15:48:12+01:00,69,119,9
a083f74,2024-12-13T10:40:30+01:00,69,119,9
6a0539c,2024-12-13T10:43:06+01:00,69,119,9
4898dc7,2024-12-13T10:43:23+01:00,69,119,9
ff71fcb,2024-12-13T12:48:47+01:00,69,120,9
362ab68,2024-12-13T13:13:00+01:00,69,120,9
4e568af,2024-12-13T13:25:55+01:00,69,119,9
48ca5ad,2024-12-16T12:41:41+01:00,69,119,9
e7d3c33,2024-12-16T12:52:37+01:00,72,120,9
d6b9ef3,2024-12-16T12:53:53+01:00,69,120,9
af8f4b0,2024-12-16T12:53:56+01:00,69,119,9
b3743a1,2024-12-16T13:58:01+01:00,69,119,9
47d6977,2024-12-16T16:12:38+01:00,69,119,9
a5d21c1,2024-12-16T16:39:19+01:00,72,120,9
6df0de8,2024-12-16T16:39:41+01:00,72,120,9
1efb231,2024-12-16T16:54:26+01:00,69,119,9
8d7b007,2024-12-16T16:57:47+01:00,72,120,9
7379df1,2024-12-17T10:20:11+01:00,69,119,9
1ad0f7a,2024-12-17T11:21:45+01:00,69,122,9
05503b2,2024-12-17T11:36:36+01:00,72,120,9
c197ecd,2024-12-17T16:31:04+01:00,72,120,9
00fff1b,2024-12-18T08:56:12+01:00,69,120,9
dfed5bb,2024-12-18T11:41:21+01:00,69,119,9
cbcec77,2024-12-18T11:41:53+01:00,69,119,9
235e182,2024-12-18T12:55:15+01:00,69,118,9
6aa7878,2024-12-18T12:57:03+01:00,69,119,9
3fbcd26,2024-12-18T12:57:15+01:00,69,118,9
ed52f72,2024-12-18T12:05:40+00:00,69,118,9
4e0c042,2024-12-18T13:18:18+01:00,69,119,9
3f45dc2,2024-12-18T14:11:39+01:00,69,118,9
2071dc8,2024-12-18T13:44:21+00:00,69,118,9
c2b3fbb,2024-12-18T16:32:07+01:00,69,118,9
ac173c2,2024-12-19T13:00:12+01:00,69,115,9
f39097c,2024-12-19T13:13:34+01:00,69,118,9
3fe50ec,2024-12-19T15:47:57+01:00,69,115,9
955a93a,2024-12-19T15:48:14+01:00,69,115,9
33f92d6,2024-12-19T17:44:05+01:00,69,118,9
bc4daef,2024-12-19T17:46:39+01:00,69,118,9
ded7eb0,2024-12-19T18:10:45+01:00,69,118,9
83543e0,2024-12-20T12:52:06+01:00,69,118,9
f6d71c8,2025-01-04T05:50:08+01:00,70,119,9
685d80f,2025-01-07T15:03:23+01:00,69,118,9
417ab16,2025-01-08T08:03:38+01:00,69,118,9
19e6166,2025-01-08T13:19:28+01:00,69,118,9
1b77725,2025-01-08T14:34:18+00:00,69,118,9
fb1f150,2025-01-09T08:26:16+01:00,72,119,9
61602a1,2025-01-09T15:06:17+00:00,73,119,9
5f19a96,2025-01-09T16:15:14+01:00,70,119,9
d0c949d,2025-01-09T17:31:09+01:00,69,118,9
72683ac,2025-01-14T10:57:19+01:00,69,118,9
f43dd82,2025-01-14T10:58:39+01:00,69,118,9
769e56c,2025-01-14T10:59:18+01:00,69,118,9
6535f02,2025-01-14T15:09:36+01:00,69,116,9
760484b,2025-01-15T12:08:43+01:00,69,118,9
b4af33a,2025-01-15T11:17:09+00:00,69,118,9
b953480,2025-01-15T11:29:52+00:00,69,118,9
f0330bc,2025-01-15T12:11:08+00:00,69,118,9
083fca5,2025-01-16T01:35:26+01:00,70,119,9
5346bc4,2025-01-16T09:01:24+00:00,69,118,9
9278fd2,2025-01-16T15:16:05+01:00,69,116,9
f7d1336,2025-01-16T15:16:16+01:00,69,116,9
9bcd8f4,2025-01-17T10:07:50+01:00,69,116,9
5f4a1fe,2025-01-17T13:59:34+01:00,69,118,9
cde7514,2025-01-17T13:54:05+00:00,69,118,9
b76d574,2025-01-20T09:11:56+01:00,69,118,9
83b20e5,2025-01-20T09:36:39+00:00,69,118,9
4bdde0d,2025-01-20T10:42:32+01:00,69,118,9
fe4f66b,2025-01-20T11:50:10+01:00,69,118,9
c7fe56a,2025-01-20T17:43:04+00:00,73,120,9
3e26697,2025-01-20T17:46:07+00:00,73,120,9
0d1270b,2025-01-21T10:41:03+01:00,73,120,9
665e38d,2025-01-21T11:56:55+01:00,69,118,9
dfc4a1b,2025-01-21T19:42:04+01:00,69,118,9
6c2528c,2025-01-21T19:54:32+01:00,69,119,9
6fe6973,2025-01-21T20:32:29+01:00,69,119,9
ebf8ae2,2025-01-21T20:34:02+01:00,69,119,9
b4df5e0,2025-01-21T21:15:09+01:00,69,119,9
d390395,2025-01-22T13:17:03+01:00,69,116,9
8318014,2025-01-22T14:13:34+01:00,69,118,9
802c11a,2025-01-22T18:00:00+01:00,69,119,9
8d7293c,2025-01-22T18:09:35+01:00,69,119,9
ac87425,2025-01-23T11:24:37+01:00,69,119,9
0b255f0,2025-01-23T11:41:16+01:00,69,119,9
4bcb88a,2025-01-23T11:48:08+01:00,69,118,9
8c86b86,2025-01-23T10:58:24+00:00,69,118,9
f589292,2025-01-23T14:51:52+01:00,69,119,9
67988fc,2025-01-23T17:41:08+01:00,69,119,9
a738b9d,2025-01-23T17:44:01+01:00,69,119,9
f334fe6,2025-01-23T17:47:32+01:00,69,119,9
c133b03,2025-01-23T17:53:19+01:00,69,119,9
3680ddf,2025-01-24T13:25:48+01:00,69,116,9
93e28b0,2025-01-25T03:34:15+01:00,72,117,9
65d9e8d,2025-01-25T04:24:11+01:00,72,117,9
d334ee7,2025-01-25T23:42:34+01:00,72,117,9
c0631e2,2025-01-27T10:08:14+01:00,69,119,9
797b6e1,2025-01-27T13:15:50+01:00,69,119,9
ceff5f6,2025-01-27T13:46:41+01:00,69,119,9
a6316b6,2025-01-27T14:23:52+01:00,69,118,9
59a598c,2025-01-27T16:03:18+01:00,69,118,9
b579da8,2025-01-27T15:32:42+00:00,69,118,9
0b1b533,2025-01-28T08:45:27+01:00,69,118,9
bed7329,2025-01-28T09:27:44+01:00,69,118,9
58c44b3,2025-01-28T08:52:35+00:00,69,118,9
c8284d1,2025-01-28T10:08:53+01:00,69,118,9
d875b6d,2025-01-28T10:24:49+01:00,69,118,9
6c4b539,2025-01-28T10:29:42+01:00,69,118,9
f6a60bd,2025-01-28T14:36:18+01:00,72,117,10
5911509,2025-01-28T15:36:20+01:00,72,117,10
07957a9,2025-01-28T15:42:04+01:00,72,117,10
b443a44,2025-01-28T15:43:38+01:00,72,117,10
09942f2,2025-01-28T18:12:12+01:00,73,117,10
b76a259,2025-01-28T19:35:23+01:00,71,126,11
72496d9,2025-01-28T19:51:51+01:00,73,117,10
f95b2fa,2025-01-28T19:55:30+01:00,71,128,11
ae1319a,2025-01-28T19:55:32+01:00,73,117,10
0018572,2025-01-28T19:56:40+01:00,73,117,10
0b894e0,2025-01-28T19:57:39+01:00,73,117,10
418e7f0,2025-01-28T19:59:04+01:00,73,117,10
1365155,2025-01-28T20:02:23+01:00,73,117,10
d955d81,2025-01-28T20:15:32+01:00,73,117,10
6a1dd98,2025-01-28T22:10:39+01:00,73,117,10
143108d,2025-01-28T22:55:50+01:00,73,117,10
fb00d34,2025-01-30T12:32:55+01:00,69,119,9
46c1a91,2025-01-30T13:25:32+01:00,69,119,9
db00424,2025-01-30T16:14:06+01:00,69,119,9
2254c3c,2025-01-30T16:20:53+01:00,69,119,9
6756f60,2025-01-30T17:19:38+01:00,69,119,9
73c3dc8,2025-01-30T17:52:00+01:00,69,120,9
3a8b939,2025-01-30T17:52:17+01:00,69,120,9
b208fbd,2025-01-31T10:34:46+01:00,69,120,9
d640b19,2025-01-31T11:00:10+01:00,69,120,9
5c1064b,2025-01-31T12:33:08+01:00,69,120,9
9752e1d,2025-01-31T12:53:26+01:00,69,120,9
ea39c19,2025-01-31T12:54:43+01:00,69,120,9
f21606a,2025-02-03T11:14:59+01:00,69,118,9
41a76d8,2025-02-03T20:11:47+01:00,69,118,9
ef2f817,2025-02-04T08:55:24+00:00,69,118,9
2fb0bdf,2025-02-04T09:36:31+00:00,69,118,9
b1ecb6c,2025-02-04T10:12:06+00:00,69,118,9
4368acb,2025-02-04T12:10:56+01:00,69,118,9
2f86219,2025-02-04T12:36:16+01:00,69,119,9
df05930,2025-02-04T12:39:19+01:00,69,119,9
1df2ebc,2025-02-05T15:06:52+00:00,69,118,9
4bc0af2,2025-02-07T12:56:05+01:00,69,118,9
357063b,2025-02-07T14:07:43+01:00,69,118,9
751139b,2025-02-07T14:08:40+01:00,69,118,9
6f824eb,2025-02-07T14:28:14+01:00,69,118,9
afb514b,2025-02-07T14:31:11+01:00,69,118,9
367d173,2025-02-07T19:18:10+01:00,69,118,9
aafffc9,2025-02-09T13:40:20+01:00,69,118,9
3fe6e6b,2025-02-09T13:51:48+01:00,69,118,9
fae1ff9,2025-02-09T14:04:24+01:00,69,118,9
4b9b16a,2025-02-09T13:21:32+00:00,69,118,9
b482572,2025-02-09T20:51:03+00:00,69,118,9
2199925,2025-02-10T09:10:40+01:00,69,118,9
3b9161c,2025-02-10T09:15:04+01:00,69,118,9
a6ddb9d,2025-02-12T09:36:24+00:00,69,118,9
c27006f,2025-02-12T11:02:22+01:00,69,120,9
fee4ddb,2025-02-12T11:09:09+01:00,69,120,9
ca61be6,2025-02-12T11:12:53+01:00,69,120,9
72b6a31,2025-02-12T12:00:06+01:00,69,121,9
dc02461,2025-02-12T12:40:24+01:00,69,121,9
3ac118a,2025-02-12T13:18:45+01:00,69,118,9
2c6a763,2025-02-12T13:50:48+01:00,69,118,9
2977e67,2025-02-12T19:30:23+01:00,69,121,9
b9550ce,2025-02-12T19:39:59+01:00,69,121,9
a175c52,2025-02-12T20:39:27+01:00,69,121,9
7ebae5e,2025-02-12T21:35:23+01:00,69,122,9
4e3df95,2025-02-13T09:28:49+01:00,69,118,9
508cee0,2025-02-13T09:31:31+01:00,69,118,9
412ac28,2025-02-13T09:32:02+01:00,69,119,9
9dd111d,2025-02-13T11:43:56+01:00,69,118,9
65fd66c,2025-02-13T11:54:47+01:00,69,122,9
4bd1fc2,2025-02-13T15:23:58+01:00,69,118,9
5ff22f1,2025-02-14T11:39:09+01:00,69,118,9
d9dfc02,2025-02-14T11:49:30+01:00,69,122,9
9e3ebca,2025-02-14T12:42:37+01:00,69,121,9
83d19ba,2025-02-14T13:01:46+01:00,69,121,9
8ca290e,2025-02-14T13:26:03+01:00,69,121,9
48c6d2d,2025-02-14T13:58:26+01:00,69,121,9
5ee719e,2025-02-14T14:08:54+01:00,69,121,9
a93fd82,2025-02-17T09:58:27+00:00,69,118,9
7054037,2025-02-18T13:26:16+00:00,69,118,9
d7676f2,2025-02-18T19:00:04+01:00,69,119,9
2c9e122,2025-02-18T19:39:19+01:00,69,118,9
7d1e336,2025-02-18T19:53:48+01:00,69,118,9
d90ae76,2025-02-18T19:54:25+01:00,69,119,9
3211c9c,2025-02-18T19:02:34+00:00,69,116,9
9830236,2025-02-19T07:56:57+00:00,69,117,9
e576ec6,2025-02-19T15:20:16+01:00,69,120,9
480e721,2025-02-24T08:18:37+00:00,69,117,9
ed403af,2025-02-24T09:45:34+01:00,70,119,9
93047e0,2025-02-24T15:31:50+01:00,69,117,9
d63e143,2025-02-25T18:19:40+01:00,69,119,9
bae7f68,2025-02-26T07:39:03+00:00,69,117,9
a55a05c,2025-02-26T08:52:19+01:00,70,119,9
69d4262,2025-02-26T09:16:14+01:00,68,116,9
b090ccd,2025-02-26T09:04:22+00:00,69,117,9
e5a716c,2025-02-26T10:42:46+00:00,69,117,9
cb8a82a,2025-02-26T12:24:26+00:00,69,117,9
a73a1b1,2025-02-26T13:56:52+01:00,68,116,9
00c6ef5,2025-02-26T13:58:17+01:00,69,117,9
fddaa08,2025-02-26T14:07:28+01:00,69,117,9
8ac6bed,2025-02-27T11:21:01+01:00,69,119,9
39fbadf,2025-02-27T12:52:01+01:00,69,117,9
cf2e0a2,2025-02-27T14:52:55+00:00,69,117,9
268f635,2025-02-27T16:30:03+01:00,69,119,9
8519ff9,2025-02-27T16:53:38+01:00,69,119,9
c81189e,2025-03-01T16:14:20+00:00,69,117,9
93af0fe,2025-03-03T13:20:07+00:00,69,117,9
500a666,2025-03-04T11:55:37+01:00,69,117,9
6607a84,2025-03-04T12:51:51+01:00,69,117,9
6404001,2025-03-04T13:24:22+01:00,69,117,9
bb47abb,2025-03-04T14:03:20+01:00,69,117,9
3fda165,2025-03-04T13:27:33+00:00,69,117,9
6c3960c,2025-03-04T14:33:24+01:00,69,117,9
f41953b,2025-03-04T14:41:46+01:00,69,117,9
9f5f029,2025-03-04T15:02:04+01:00,69,117,9
dc1b458,2025-03-04T15:13:39+01:00,69,117,9
b0c213a,2025-03-06T09:50:58+01:00,69,117,9
f72b70a,2025-03-06T13:59:52+00:00,69,117,9
7cf04d0,2025-03-06T16:48:29+01:00,69,117,9
b15a964,2025-03-10T11:27:19+00:00,69,117,9
fcde2f2,2025-03-10T11:35:39+00:00,69,117,9
c6bed60,2025-03-10T14:13:53+00:00,69,117,9
9b224b9,2025-03-11T14:56:14+01:00,69,117,9
7d7c622,2025-03-11T15:11:03+01:00,69,117,9
10e8eac,2025-03-11T15:32:15+01:00,69,117,9
5981433,2025-03-11T16:03:18+01:00,69,117,9
4ebd99e,2025-03-11T16:37:19+01:00,69,117,9
9bd9b0a,2025-03-11T16:49:45+01:00,69,117,9
ea88afb,2025-03-11T17:30:21+01:00,69,117,9
4ef6534,2025-03-12T10:06:31+01:00,69,118,9
301c6cf,2025-03-12T10:06:34+01:00,69,118,9
cfd8713,2025-03-12T10:13:57+01:00,69,118,9
163480b,2025-03-12T09:29:40+00:00,69,118,9
a9b4d8c,2025-03-12T11:12:59+01:00,69,118,9
e6285cb,2025-03-12T10:29:30+00:00,69,118,9
1175b6e,2025-03-12T11:43:46+01:00,69,118,9
5a20891,2025-03-14T13:26:49+01:00,69,118,9
1e0a615,2025-03-14T12:35:26+00:00,69,118,9
f55839f,2025-03-14T14:35:15+01:00,69,121,9
f36c922,2025-03-14T15:37:47+01:00,69,121,9
2956279,2025-03-17T13:51:10+00:00,69,118,9
cae7b85,2025-03-18T11:09:14+00:00,69,118,9
f30437b,2025-03-18T14:01:03+01:00,69,118,9
14dbfcf,2025-03-19T08:30:11+00:00,69,118,9
a7c96cf,2025-03-19T09:50:43+01:00,69,118,9
713a3d4,2025-03-20T09:02:34+00:00,69,118,9
a5444e4,2025-03-21T10:59:39+01:00,69,121,9
a541a5e,2025-03-21T13:44:55+01:00,69,118,9
fd2ad86,2025-03-21T17:53:31+01:00,69,121,9
14bdf16,2025-03-24T10:45:37+01:00,69,117,9
3b17155,2025-03-24T16:15:00+01:00,69,117,9
30f543c,2025-03-24T21:30:57+01:00,69,118,9
ac2e491,2025-03-25T10:00:49+01:00,69,116,9
01eae6e,2025-03-26T09:08:24+01:00,69,118,9
a3e3ad2,2025-03-26T14:09:46+01:00,69,116,9
01733c9,2025-03-26T14:12:43+01:00,69,116,9
0828c25,2025-03-27T13:39:13+00:00,69,122,9
ff01717,2025-03-27T14:51:39+01:00,69,120,9
3d157b4,2025-03-28T06:37:25+00:00,69,122,9
681667c,2025-03-28T08:01:56+01:00,69,122,9
c82cc0b,2025-03-28T10:10:25+01:00,69,116,9
f09b0f8,2025-03-28T14:51:00+01:00,71,123,9
d71aa49,2025-03-31T08:42:02+02:00,71,123,9
cc649b9,2025-03-31T09:11:34+02:00,71,123,9
f5a20e2,2025-03-31T10:06:06+02:00,71,123,9
1f8925a,2025-03-31T08:55:54+00:00,73,123,9
871e91c,2025-03-31T10:59:00+02:00,71,123,9
aec6dfd,2025-03-31T10:59:15+02:00,73,123,9
60b59e0,2025-03-31T11:43:52+02:00,73,123,9
2a7509a,2025-03-31T11:51:27+02:00,73,123,9
dedd768,2025-03-31T13:28:43+02:00,73,123,9
1a3b051,2025-03-31T14:05:08+02:00,73,123,9
b448acc,2025-03-31T14:07:20+02:00,73,123,9
194a6fe,2025-03-31T14:07:49+02:00,73,123,9
e4d8c86,2025-03-31T12:14:55+00:00,73,123,9
e88a2f0,2025-03-31T12:42:05+00:00,73,123,9
af3ad84,2025-03-31T14:55:23+02:00,73,123,9
fe818f6,2025-03-31T15:10:49+02:00,73,123,9
b026718,2025-03-31T16:34:14+02:00,73,123,9
aa3d382,2025-03-31T18:02:28+02:00,73,125,9
5b03c22,2025-04-01T11:26:53+02:00,73,125,9
8f44df3,2025-04-01T10:26:41+00:00,73,123,9
810781d,2025-04-01T10:38:48+00:00,73,123,9
e408b21,2025-04-01T12:44:07+02:00,73,123,9
c95e6e1,2025-04-01T12:54:07+02:00,73,123,9
993aad2,2025-04-01T12:58:27+02:00,73,123,9
c030b72,2025-04-01T14:50:31+02:00,73,123,9
f55657c,2025-04-01T15:00:30+02:00,73,121,9
7cb6814,2025-04-01T15:17:16+02:00,73,123,9
72fa9d1,2025-04-01T17:36:10+02:00,73,123,9
3927646,2025-04-01T17:43:16+02:00,73,123,9
73dea57,2025-04-01T17:45:43+02:00,73,123,9
998dfde,2025-04-01T20:04:09+02:00,73,123,9
bcf19ff,2025-04-02T09:19:02+02:00,73,123,9
6b9747b,2025-04-02T09:19:29+02:00,73,123,9
016543e,2025-04-02T15:05:01+00:00,73,123,9
136515a,2025-04-02T17:13:39+02:00,73,123,9
b4d7d98,2025-04-03T12:28:05+02:00,73,123,9
9b9b6b9,2025-04-03T14:44:45+02:00,73,123,9
3b2672c,2025-04-03T14:48:36+02:00,73,123,9
e205eb7,2025-04-03T20:36:00+02:00,73,123,9
38f70f1,2025-04-03T20:47:55+02:00,73,123,9
0af40be,2025-04-04T07:56:50+02:00,73,123,9
239db88,2025-04-04T10:15:21+02:00,73,123,9
89380e5,2025-04-04T13:59:14+02:00,73,123,9
f0adbbb,2025-04-04T14:00:48+02:00,73,123,9
a6a18d8,2025-04-04T14:27:16+02:00,73,123,9
f2aa9a5,2025-04-04T21:47:08+02:00,73,123,9
125a2aa,2025-04-07T10:31:12+02:00,73,123,9
14d3da7,2025-04-07T08:39:24+00:00,73,123,9
c2383d7,2025-04-07T10:46:11+02:00,73,123,9
bdb3f36,2025-04-07T10:47:59+02:00,73,123,9
5877719,2025-04-07T10:48:17+02:00,73,123,9
f1e275f,2025-04-07T08:48:38+00:00,73,123,9
0d05386,2025-04-07T17:00:09+02:00,73,123,9
17572ca,2025-04-08T10:53:31+02:00,73,123,9
bd4a6f0,2025-04-08T11:06:59+02:00,73,123,9
7430ca0,2025-04-08T11:10:34+02:00,73,123,9
1f7aa5f,2025-04-08T13:10:42+02:00,73,125,9
d4a553a,2025-04-08T13:12:31+02:00,73,123,9
2fe02ea,2025-04-08T11:39:48+00:00,73,126,9
c357473,2025-04-08T14:05:49+02:00,73,126,9
1258462,2025-04-08T15:54:12+02:00,73,126,9
33ae470,2025-04-08T14:08:12+00:00,73,126,9
dcb5ab6,2025-04-08T16:42:07+02:00,73,126,9
11c7a25,2025-04-08T21:35:19+02:00,73,126,9
da596ac,2025-04-08T23:29:09+02:00,73,127,9
fcab43c,2025-04-09T08:26:30+00:00,73,126,9
e343e79,2025-04-09T09:34:16+00:00,73,126,9
e626ad8,2025-04-09T12:44:22+02:00,73,128,9
97b64da,2025-04-09T12:45:30+02:00,73,126,9
64da83c,2025-04-09T12:49:52+02:00,73,126,9
9cc9072,2025-04-09T13:15:54+02:00,73,128,9
0d58e1c,2025-04-09T14:54:56+02:00,73,127,9
b060f78,2025-04-09T15:03:40+02:00,73,127,9
5ef123a,2025-04-09T13:07:19+00:00,74,126,9
2f80c82,2025-04-09T15:11:26+02:00,74,127,9
360377f,2025-04-09T15:45:45+02:00,74,126,9
db13769,2025-04-09T18:18:41+02:00,74,128,9
4a075ab,2025-04-10T10:32:46+02:00,73,129,9
b13bda9,2025-04-10T11:09:04+02:00,73,129,9
65563a0,2025-04-10T11:23:46+02:00,73,129,9
48b169d,2025-04-10T13:42:14+02:00,73,123,9
6817349,2025-04-10T14:37:43+02:00,74,127,9
78c01c1,2025-04-10T14:53:14+02:00,74,127,9
e3690ca,2025-04-10T13:01:32+00:00,74,126,9
ca5fbed,2025-04-10T15:03:36+02:00,73,129,9
84d4c73,2025-04-10T15:25:10+02:00,73,129,9
a084e8a,2025-04-10T15:26:27+02:00,73,129,9
efadec3,2025-04-10T16:25:32+02:00,74,126,9
1683345,2025-04-10T17:25:11+02:00,73,130,9
0221547,2025-04-10T17:44:18+02:00,73,130,9
8aee8fe,2025-04-10T21:54:43+02:00,74,127,9
98c3713,2025-04-11T10:43:24+02:00,74,126,9
1eb7207,2025-04-11T12:37:43+02:00,74,126,9
3647378,2025-04-11T16:13:09+02:00,73,130,9
d322e88,2025-04-11T16:18:21+02:00,73,130,9
31a2594,2025-04-14T09:16:48+02:00,74,124,9
bb16f7d,2025-04-14T12:51:31+02:00,74,126,9
d8a527f,2025-04-14T12:51:39+02:00,75,126,9
22372eb,2025-04-14T13:38:01+02:00,73,130,9
7062c06,2025-04-16T07:37:58+02:00,74,126,9
ba04697,2025-04-16T08:36:07+00:00,73,126,9
64f3e3a,2025-04-16T10:46:19+02:00,73,126,9
97513d4,2025-04-16T10:47:01+02:00,73,126,9
86203ab,2025-04-16T09:00:33+00:00,72,122,9
8638431,2025-04-16T11:59:02+02:00,73,130,9
b08707b,2025-04-16T15:10:14+02:00,73,122,9
735c7c5,2025-04-16T15:11:18+02:00,74,126,9
e642551,2025-04-16T15:32:20+02:00,73,120,9
3c370c5,2025-04-16T15:35:31+02:00,73,122,9
95ad6ee,2025-04-16T15:49:27+02:00,74,126,9
3a479bc,2025-04-16T15:50:03+02:00,73,122,9
5e6d61f,2025-04-17T09:30:09+02:00,74,126,9
8eaefb8,2025-04-17T10:33:05+02:00,74,125,9
976335e,2025-04-17T10:33:30+02:00,74,125,9
9772d63,2025-04-17T10:35:26+02:00,74,125,9
fbdc93d,2025-04-17T10:39:39+02:00,74,125,9
4700bc8,2025-04-17T10:45:15+02:00,74,125,9
0f818a8,2025-04-17T11:06:39+02:00,74,126,9
be025bd,2025-04-17T11:24:26+02:00,74,126,9
a65bb23,2025-04-17T14:20:14+02:00,73,130,9
fda73f7,2025-04-17T14:24:55+02:00,73,128,9
5a4eff1,2025-04-22T09:24:20+02:00,74,126,9
f1e8c19,2025-04-22T11:31:57+02:00,73,128,9
23e99f0,2025-04-22T12:04:17+02:00,73,128,9
37decb9,2025-04-22T12:18:48+02:00,73,128,9
e861bea,2025-04-22T12:31:57+02:00,73,128,9
bcad437,2025-04-22T13:23:04+02:00,73,128,9
e645059,2025-04-22T13:39:28+02:00,74,128,9
b1cdd35,2025-04-22T13:48:58+02:00,74,128,9
c17ea3c,2025-04-22T13:53:24+02:00,74,128,9
a8c692d,2025-04-22T13:55:11+02:00,74,128,9
6f9828a,2025-04-22T13:56:56+02:00,74,128,9
1b6095f,2025-04-22T13:57:24+02:00,74,128,9
94f573d,2025-04-22T14:00:44+02:00,74,128,9
98edf9a,2025-04-22T14:01:52+02:00,74,128,9
d2f963f,2025-04-22T18:39:56+02:00,75,127,9
93d256b,2025-04-22T19:16:31+02:00,75,127,9
26f74b1,2025-04-22T19:40:37+02:00,75,127,9
3438d85,2025-04-23T08:32:12+00:00,74,126,9
1095894,2025-04-23T10:37:20+02:00,74,126,9
ba19bb2,2025-04-23T10:54:14+02:00,74,126,9
bd01afa,2025-04-23T10:55:14+02:00,73,119,9
2d466e4,2025-04-23T10:56:36+02:00,74,123,9
2c1cb0c,2025-04-23T10:58:58+02:00,74,126,9
a57b98e,2025-04-23T13:46:04+02:00,74,123,9
3de3351,2025-04-23T15:13:30+02:00,74,123,9
5a376b1,2025-04-23T16:04:44+02:00,74,127,9
b2376ff,2025-04-23T17:22:01+02:00,74,126,9
af08580,2025-04-24T08:58:03+00:00,74,126,9
c78a0d3,2025-04-24T09:10:10+00:00,74,126,9
8c76a8b,2025-04-24T12:51:44+02:00,74,127,9
f282d61,2025-04-24T13:53:46+02:00,74,127,9
191ee0c,2025-04-24T14:12:20+02:00,74,127,9
5a7b50c,2025-04-24T14:52:59+02:00,74,126,9
682ac03,2025-04-24T14:53:21+02:00,74,127,9
e588b33,2025-04-24T14:53:54+02:00,74,127,9
ade0107,2025-04-24T14:58:31+02:00,74,127,9
43b8467,2025-04-24T13:21:27+00:00,74,126,9
a935afd,2025-04-24T18:28:19+02:00,74,127,9
9d85f2b,2025-04-25T10:57:51+02:00,74,126,9
ddcc19c,2025-04-25T11:03:03+02:00,74,126,9
246e0b3,2025-04-25T11:07:24+02:00,72,128,9
816ca7e,2025-04-28T09:33:51+02:00,72,128,9
757c566,2025-04-28T07:53:02+00:00,72,128,9
41790e2,2025-04-28T12:48:39+00:00,72,128,9
7205807,2025-04-28T15:04:07+02:00,74,127,9
210f996,2025-04-28T15:23:27+02:00,72,129,9
249b922,2025-04-28T15:30:16+02:00,72,129,9
7c6b2f5,2025-04-30T10:32:24+02:00,72,128,9
6404142,2025-04-30T10:32:56+02:00,72,128,9
f0f1096,2025-04-30T13:20:48+02:00,72,129,9
4152c17,2025-04-30T14:53:20+02:00,72,129,9
f8c119a,2025-04-30T15:36:05+02:00,72,129,9
47cc895,2025-04-30T15:41:08+02:00,72,129,9
57ba656,2025-04-30T17:14:29+02:00,72,129,9
336cc6e,2025-04-30T17:21:40+02:00,72,129,9
33ab1ee,2025-05-05T10:24:11+02:00,72,128,9
e465481,2025-05-05T10:26:45+02:00,72,128,9
a23c78a,2025-05-05T11:07:08+02:00,72,128,9
4554c3f,2025-05-06T10:01:01+02:00,72,128,9
741a5a8,2025-05-06T10:08:15+02:00,72,128,9
8e1398c,2025-05-06T13:10:44+02:00,72,128,9
60ed91c,2025-05-06T15:44:09+02:00,72,128,9
a814f23,2025-05-06T15:44:49+02:00,72,128,9
9cffa72,2025-05-06T15:45:18+02:00,72,128,9
8a10b82,2025-05-06T16:40:39+02:00,72,128,9
591f4b2,2025-05-06T17:05:17+02:00,72,128,9
cc8cf7c,2025-05-06T17:37:22+02:00,72,128,9
2141d7a,2025-05-06T17:52:07+02:00,72,128,9
ff39e22,2025-05-06T20:42:15+02:00,72,127,0
6078e37,2025-05-07T09:27:29+08:00,72,128,9
68f93c5,2025-05-07T09:28:04+08:00,72,128,9
4274e28,2025-05-07T09:28:09+08:00,72,128,9
ed5b782,2025-05-07T12:41:02+08:00,72,127,0
1ccfbf5,2025-05-07T08:26:08+02:00,72,127,0
3bb5ebc,2025-05-07T10:10:59+02:00,72,127,0
3ca2c75,2025-05-07T10:18:10+02:00,72,127,0
d2f066f,2025-05-07T10:22:13+02:00,72,127,0
2352767,2025-05-07T08:27:11+00:00,71,126,0
0507edd,2025-05-07T10:29:13+02:00,71,126,0
8050d0d,2025-05-07T10:34:22+02:00,71,126,0
91559bd,2025-05-07T10:40:24+02:00,71,126,0
84e3342,2025-05-07T10:50:59+02:00,71,126,0
e228705,2025-05-07T11:20:21+02:00,71,126,0
fc0c5b7,2025-05-07T13:39:02+02:00,71,126,0
b946609,2025-05-07T14:42:42+02:00,71,127,0
60cfc92,2025-05-08T10:21:57+02:00,71,126,0
8aa2c19,2025-05-08T12:09:40+02:00,71,126,0
b707274,2025-05-08T12:13:32+02:00,71,126,0
c309fa6,2025-05-08T12:16:21+02:00,71,126,0
8410691,2025-05-08T12:17:34+02:00,71,126,0
d0ff8b5,2025-05-08T13:01:19+02:00,71,126,0
d7ec94f,2025-05-08T13:13:17+02:00,71,126,0
f43f131,2025-05-08T13:18:40+02:00,71,126,0
70a193f,2025-05-08T13:41:07+02:00,71,126,0
d6d77fb,2025-05-08T16:08:42+02:00,71,126,0
188b297,2025-05-08T16:19:31+02:00,71,125,0
dcc3e59,2025-05-08T16:26:49+02:00,111,424,14
2e72edc,2025-05-08T16:34:58+02:00,71,125,0
fe5f8cd,2025-05-08T16:36:17+02:00,1276,429,59
63eb877,2025-05-08T16:44:10+02:00,1276,429,59
a4f94b9,2025-05-09T10:52:39+02:00,71,125,0
